{"usage":"generic","name":"Bananas","type":0,"scenario":"","prop_version":"PROP_VESION_1","pre_process":"","category_prop_info":"[{\"_id\":\"794937a6-9ec2-4ae0-81c6-a5906e0df23b\",\"name\":\"black\"}, {\"_id\":\"db842306-97d2-42b4-b48c-0f943a261b59\",\"name\":\"green\"}, {\"_id\":\"a9502206-f495-4864-83c7-69eb1cdd4916\",\"name\":\"overripe\"}, {\"_id\":\"143f6a06-f11c-4ec0-8683-b2691f5715b1\",\"name\":\"ripe\"}, {\"_id\":\"ce04edd1-1dfd-4bb8-b05b-5718a32460ed\",\"name\":\"yellow\"}]","action_prop_info":"[]","file_prop_info":"[{\"_id\":\"ace685e2-9dd4-45ef-803c-30d8da10b0f2\",\"file_type\":\"image\",\"parent_id\":null,\"generate_type\":null,\"category_id\":\"143f6a06-f11c-4ec0-8683-b2691f5715b1\",\"category_name\":\"ripe\",\"created_at\":1589984714114,\"original_file_name\":\"RP3.jpg\",\"uploaded_at\":1589984714114,\"upload_type\":\"file_upload\"}, {\"_id\":\"50a24336-4d89-490b-af40-0be49ddeceaf\",\"file_type\":\"image\",\"parent_id\":null,\"generate_type\":null,\"category_id\":\"143f6a06-f11c-4ec0-8683-b2691f5715b1\",\"category_name\":\"ripe\",\"created_at\":1589984714141,\"original_file_name\":\"RP8.jpg\",\"uploaded_at\":1589984714141,\"upload_type\":\"file_upload\"}, {\"_id\":\"dd504896-cefd-4481-b59e-57dd76e428b7\",\"file_type\":\"image\",\"parent_id\":null,\"generate_type\":null,\"category_id\":\"143f6a06-f11c-4ec0-8683-b2691f5715b1\",\"category_name\":\"ripe\",\"created_at\":1589984714169,\"original_file_name\":\"RP9.jpg\",\"uploaded_at\":1589984714169,\"upload_type\":\"file_upload\"}, {\"_id\":\"cc8ae743-1e1a-4df1-84dd-fd731d36f1d7\",\"file_type\":\"image\",\"parent_id\":null,\"generate_type\":null,\"category_id\":\"143f6a06-f11c-4ec0-8683-b2691f5715b1\",\"category_name\":\"ripe\",\"created_at\":1589984714196,\"original_file_name\":\"RP11.jpg\",\"uploaded_at\":1589984714196,\"upload_type\":\"file_upload\"}, {\"_id\":\"725d2986-4297-4193-89ac-03e7851ac5c0\",\"file_type\":\"image\",\"parent_id\":null,\"generate_type\":null,\"category_id\":\"143f6a06-f11c-4ec0-8683-b2691f5715b1\",\"category_name\":\"ripe\",\"created_at\":1589984714224,\"original_file_name\":\"RP13.jpg\",\"uploaded_at\":1589984714224,\"upload_type\":\"file_upload\"}, {\"_id\":\"a0c0636e-4943-497b-86b6-84a59724d42a\",\"file_type\":\"image\",\"parent_id\":null,\"generate_type\":null,\"category_id\":\"143f6a06-f11c-4ec0-8683-b2691f5715b1\",\"category_name\":\"ripe\",\"created_at\":1589984714251,\"original_file_name\":\"RP19.jpg\",\"uploaded_at\":1589984714251,\"upload_type\":\"file_upload\"}, {\"_id\":\"aa4f978a-d72a-4162-bd41-59c2461ed8a4\",\"file_type\":\"image\",\"parent_id\":null,\"generate_type\":null,\"category_id\":\"143f6a06-f11c-4ec0-8683-b2691f5715b1\",\"category_name\":\"ripe\",\"created_at\":1589984714677,\"original_file_name\":\"RP20.jpg\",\"uploaded_at\":1589984714677,\"upload_type\":\"file_upload\"}, {\"_id\":\"ca50ad52-05b2-4184-ac35-439c22262579\",\"file_type\":\"image\",\"parent_id\":null,\"generate_type\":null,\"category_id\":\"ce04edd1-1dfd-4bb8-b05b-5718a32460ed\",\"category_name\":\"yellow\",\"created_at\":1589984794332,\"original_file_name\":\"BY3.jpg\",\"uploaded_at\":1589984794332,\"upload_type\":\"file_upload\"}, {\"_id\":\"802b5337-90e2-4521-9465-d7a337ce8903\",\"file_type\":\"image\",\"parent_id\":null,\"generate_type\":null,\"category_id\":\"ce04edd1-1dfd-4bb8-b05b-5718a32460ed\",\"category_name\":\"yellow\",\"created_at\":1589984794360,\"original_file_name\":\"BY4.jpg\",\"uploaded_at\":1589984794360,\"upload_type\":\"file_upload\"}, {\"_id\":\"e1a91059-d0ac-4ca0-9d52-3783adc8eb64\",\"file_type\":\"image\",\"parent_id\":null,\"generate_type\":null,\"category_id\":\"ce04edd1-1dfd-4bb8-b05b-5718a32460ed\",\"category_name\":\"yellow\",\"created_at\":1589984794543,\"original_file_name\":\"BY25.jpg\",\"uploaded_at\":1589984794543,\"upload_type\":\"file_upload\"}, {\"_id\":\"e4901fbd-2505-46b6-96ac-6889cff2d19d\",\"file_type\":\"image\",\"parent_id\":null,\"generate_type\":null,\"category_id\":\"ce04edd1-1dfd-4bb8-b05b-5718a32460ed\",\"category_name\":\"yellow\",\"created_at\":1589984794386,\"original_file_name\":\"BY9.jpg\",\"uploaded_at\":1589984794386,\"upload_type\":\"file_upload\"}, {\"_id\":\"05df2f49-b768-4041-9cdc-cb6f018c4885\",\"file_type\":\"image\",\"parent_id\":null,\"generate_type\":null,\"category_id\":\"ce04edd1-1dfd-4bb8-b05b-5718a32460ed\",\"category_name\":\"yellow\",\"created_at\":1589984794569,\"original_file_name\":\"BY27.jpg\",\"uploaded_at\":1589984794569,\"upload_type\":\"file_upload\"}, {\"_id\":\"8a8989b5-3f61-46d1-943a-4ed85588b1e6\",\"file_type\":\"image\",\"parent_id\":null,\"generate_type\":null,\"category_id\":\"ce04edd1-1dfd-4bb8-b05b-5718a32460ed\",\"category_name\":\"yellow\",\"created_at\":1589984794412,\"original_file_name\":\"BY10.jpg\",\"uploaded_at\":1589984794412,\"upload_type\":\"file_upload\"}, {\"_id\":\"a300f601-6962-4629-87e3-9d278799eef6\",\"file_type\":\"image\",\"parent_id\":null,\"generate_type\":null,\"category_id\":\"ce04edd1-1dfd-4bb8-b05b-5718a32460ed\",\"category_name\":\"yellow\",\"created_at\":1589984794595,\"original_file_name\":\"BY30.jpg\",\"uploaded_at\":1589984794595,\"upload_type\":\"file_upload\"}, {\"_id\":\"38e7fc0b-db8a-4a4f-877d-ef9e81176200\",\"file_type\":\"image\",\"parent_id\":null,\"generate_type\":null,\"category_id\":\"ce04edd1-1dfd-4bb8-b05b-5718a32460ed\",\"category_name\":\"yellow\",\"created_at\":1589984794438,\"original_file_name\":\"BY14.jpg\",\"uploaded_at\":1589984794438,\"upload_type\":\"file_upload\"}, {\"_id\":\"e914c4de-0ad7-4933-915f-66b954071214\",\"file_type\":\"image\",\"parent_id\":null,\"generate_type\":null,\"category_id\":\"143f6a06-f11c-4ec0-8683-b2691f5715b1\",\"category_name\":\"ripe\",\"created_at\":1589984715873,\"original_file_name\":\"RP125.jpg\",\"uploaded_at\":1589984715873,\"upload_type\":\"file_upload\"}, {\"_id\":\"2cb0e07b-dcd9-4465-8201-a719fc63a671\",\"file_type\":\"image\",\"parent_id\":null,\"generate_type\":null,\"category_id\":\"ce04edd1-1dfd-4bb8-b05b-5718a32460ed\",\"category_name\":\"yellow\",\"created_at\":1589984794623,\"original_file_name\":\"BY31.jpg\",\"uploaded_at\":1589984794623,\"upload_type\":\"file_upload\"}, {\"_id\":\"f19f3381-b350-47f3-b1b4-5d79b52a3afd\",\"file_type\":\"image\",\"parent_id\":null,\"generate_type\":null,\"category_id\":\"794937a6-9ec2-4ae0-81c6-a5906e0df23b\",\"category_name\":\"black\",\"created_at\":1589984616131,\"original_file_name\":\"BL6.jpg\",\"uploaded_at\":1589984616131,\"upload_type\":\"file_upload\"}, {\"_id\":\"aa570949-1b26-4fbf-b5ca-a418d02cddfa\",\"file_type\":\"image\",\"parent_id\":null,\"generate_type\":null,\"category_id\":\"794937a6-9ec2-4ae0-81c6-a5906e0df23b\",\"category_name\":\"black\",\"created_at\":1589984616165,\"original_file_name\":\"BL8.jpg\",\"uploaded_at\":1589984616165,\"upload_type\":\"file_upload\"}, {\"_id\":\"6ae348a1-6fc7-49a8-a5ea-37488d0ec95b\",\"file_type\":\"image\",\"parent_id\":null,\"generate_type\":null,\"category_id\":\"143f6a06-f11c-4ec0-8683-b2691f5715b1\",\"category_name\":\"ripe\",\"created_at\":1589984715058,\"original_file_name\":\"RP51.jpg\",\"uploaded_at\":1589984715058,\"upload_type\":\"file_upload\"}, {\"_id\":\"bcd443ee-f1a7-4623-9dd6-f49ee08f1898\",\"file_type\":\"image\",\"parent_id\":null,\"generate_type\":null,\"category_id\":\"ce04edd1-1dfd-4bb8-b05b-5718a32460ed\",\"category_name\":\"yellow\",\"created_at\":1589984794465,\"original_file_name\":\"BY16.jpg\",\"uploaded_at\":1589984794465,\"upload_type\":\"file_upload\"}, {\"_id\":\"deca90e3-d3a7-4c4f-93e9-02a96db05d48\",\"file_type\":\"image\",\"parent_id\":null,\"generate_type\":null,\"category_id\":\"ce04edd1-1dfd-4bb8-b05b-5718a32460ed\",\"category_name\":\"yellow\",\"created_at\":1589984794649,\"original_file_name\":\"BY35.jpg\",\"uploaded_at\":1589984794649,\"upload_type\":\"file_upload\"}, {\"_id\":\"4f093042-0e23-4e8f-8d08-4197a3ee7fd2\",\"file_type\":\"image\",\"parent_id\":null,\"generate_type\":null,\"category_id\":\"a9502206-f495-4864-83c7-69eb1cdd4916\",\"category_name\":\"overripe\",\"created_at\":1589984684290,\"original_file_name\":\"OR2.jpg\",\"uploaded_at\":1589984684290,\"upload_type\":\"file_upload\"}, {\"_id\":\"11b85ae9-3559-4242-85bd-a240d9894bff\",\"file_type\":\"image\",\"parent_id\":null,\"generate_type\":null,\"category_id\":\"a9502206-f495-4864-83c7-69eb1cdd4916\",\"category_name\":\"overripe\",\"created_at\":1589984684531,\"original_file_name\":\"OR21.jpg\",\"uploaded_at\":1589984684531,\"upload_type\":\"file_upload\"}, {\"_id\":\"f61404e1-e4e3-4b84-9e17-4d02c68c9f7d\",\"file_type\":\"image\",\"parent_id\":null,\"generate_type\":null,\"category_id\":\"143f6a06-f11c-4ec0-8683-b2691f5715b1\",\"category_name\":\"ripe\",\"created_at\":1589984715329,\"original_file_name\":\"RP83.jpg\",\"uploaded_at\":1589984715329,\"upload_type\":\"file_upload\"}, {\"_id\":\"734e3f95-03f9-4c9b-b602-828e12fc011f\",\"file_type\":\"image\",\"parent_id\":null,\"generate_type\":null,\"category_id\":\"794937a6-9ec2-4ae0-81c6-a5906e0df23b\",\"category_name\":\"black\",\"created_at\":1589984616218,\"original_file_name\":\"BL9.jpg\",\"uploaded_at\":1589984616218,\"upload_type\":\"file_upload\"}, {\"_id\":\"0c46d62e-b9cb-4a80-83b0-3db2c70dda9b\",\"file_type\":\"image\",\"parent_id\":null,\"generate_type\":null,\"category_id\":\"a9502206-f495-4864-83c7-69eb1cdd4916\",\"category_name\":\"overripe\",\"created_at\":1589984684557,\"original_file_name\":\"OR22.jpg\",\"uploaded_at\":1589984684557,\"upload_type\":\"file_upload\"}, {\"_id\":\"6c8baf99-ad06-43f7-9be1-994aff509886\",\"file_type\":\"image\",\"parent_id\":null,\"generate_type\":null,\"category_id\":\"143f6a06-f11c-4ec0-8683-b2691f5715b1\",\"category_name\":\"ripe\",\"created_at\":1589984715356,\"original_file_name\":\"RP85.jpg\",\"uploaded_at\":1589984715356,\"upload_type\":\"file_upload\"}, {\"_id\":\"76fc0a7d-fae2-4098-980c-aef5432a105d\",\"file_type\":\"image\",\"parent_id\":null,\"generate_type\":null,\"category_id\":\"143f6a06-f11c-4ec0-8683-b2691f5715b1\",\"category_name\":\"ripe\",\"created_at\":1589984715085,\"original_file_name\":\"RP52.jpg\",\"uploaded_at\":1589984715085,\"upload_type\":\"file_upload\"}, {\"_id\":\"d4a7a7c4-848c-4457-b4ac-a6ee15a35e50\",\"file_type\":\"image\",\"parent_id\":null,\"generate_type\":null,\"category_id\":\"ce04edd1-1dfd-4bb8-b05b-5718a32460ed\",\"category_name\":\"yellow\",\"created_at\":1589984794492,\"original_file_name\":\"BY21.jpg\",\"uploaded_at\":1589984794492,\"upload_type\":\"file_upload\"}, {\"_id\":\"be18f944-9d1c-41a4-ba3e-ae62a929d07f\",\"file_type\":\"image\",\"parent_id\":null,\"generate_type\":null,\"category_id\":\"ce04edd1-1dfd-4bb8-b05b-5718a32460ed\",\"category_name\":\"yellow\",\"created_at\":1589984794676,\"original_file_name\":\"BY38.jpg\",\"uploaded_at\":1589984794676,\"upload_type\":\"file_upload\"}, {\"_id\":\"e91f3891-6659-4a6d-bfca-910ea97080ae\",\"file_type\":\"image\",\"parent_id\":null,\"generate_type\":null,\"category_id\":\"a9502206-f495-4864-83c7-69eb1cdd4916\",\"category_name\":\"overripe\",\"created_at\":1589984684318,\"original_file_name\":\"OR5.jpg\",\"uploaded_at\":1589984684318,\"upload_type\":\"file_upload\"}, {\"_id\":\"be45cf38-5de8-42b8-9634-f012d493daee\",\"file_type\":\"image\",\"parent_id\":null,\"generate_type\":null,\"category_id\":\"794937a6-9ec2-4ae0-81c6-a5906e0df23b\",\"category_name\":\"black\",\"created_at\":1589984616253,\"original_file_name\":\"BL11.jpg\",\"uploaded_at\":1589984616253,\"upload_type\":\"file_upload\"}, {\"_id\":\"1927b8e0-df5d-45ac-9d94-1bced3a9b22c\",\"file_type\":\"image\",\"parent_id\":null,\"generate_type\":null,\"category_id\":\"db842306-97d2-42b4-b48c-0f943a261b59\",\"category_name\":\"green\",\"created_at\":1589984649330,\"original_file_name\":\"G2.jpg\",\"uploaded_at\":1589984649330,\"upload_type\":\"file_upload\"}, {\"_id\":\"fc638d87-d7d1-45b4-b629-2ac0636bafbc\",\"file_type\":\"image\",\"parent_id\":null,\"generate_type\":null,\"category_id\":\"143f6a06-f11c-4ec0-8683-b2691f5715b1\",\"category_name\":\"ripe\",\"created_at\":1589984715383,\"original_file_name\":\"RP86.jpg\",\"uploaded_at\":1589984715383,\"upload_type\":\"file_upload\"}, {\"_id\":\"5d61e6f2-1b37-4ea0-9721-655846c47d33\",\"file_type\":\"image\",\"parent_id\":null,\"generate_type\":null,\"category_id\":\"ce04edd1-1dfd-4bb8-b05b-5718a32460ed\",\"category_name\":\"yellow\",\"created_at\":1589984794702,\"original_file_name\":\"BY40.jpg\",\"uploaded_at\":1589984794702,\"upload_type\":\"file_upload\"}, {\"_id\":\"14511c8c-c4f2-4ac6-91f1-9c672d7f00f1\",\"file_type\":\"image\",\"parent_id\":null,\"generate_type\":null,\"category_id\":\"794937a6-9ec2-4ae0-81c6-a5906e0df23b\",\"category_name\":\"black\",\"created_at\":1589984616286,\"original_file_name\":\"BL12.jpg\",\"uploaded_at\":1589984616286,\"upload_type\":\"file_upload\"}, {\"_id\":\"ad371efb-7dec-4564-b718-b698a98fb3d9\",\"file_type\":\"image\",\"parent_id\":null,\"generate_type\":null,\"category_id\":\"143f6a06-f11c-4ec0-8683-b2691f5715b1\",\"category_name\":\"ripe\",\"created_at\":1589984715601,\"original_file_name\":\"RP109.jpg\",\"uploaded_at\":1589984715601,\"upload_type\":\"file_upload\"}, {\"_id\":\"41e3da71-0f1a-4ee6-8d71-8d25ee229116\",\"file_type\":\"image\",\"parent_id\":null,\"generate_type\":null,\"category_id\":\"db842306-97d2-42b4-b48c-0f943a261b59\",\"category_name\":\"green\",\"created_at\":1589984649361,\"original_file_name\":\"G6.jpg\",\"uploaded_at\":1589984649361,\"upload_type\":\"file_upload\"}, {\"_id\":\"b4942267-b824-441e-baf3-e72cd511fed7\",\"file_type\":\"image\",\"parent_id\":null,\"generate_type\":null,\"category_id\":\"143f6a06-f11c-4ec0-8683-b2691f5715b1\",\"category_name\":\"ripe\",\"created_at\":1589984715411,\"original_file_name\":\"RP91.jpg\",\"uploaded_at\":1589984715411,\"upload_type\":\"file_upload\"}, {\"_id\":\"d98737ea-b7a1-4f20-b14d-d9a5b41169fc\",\"file_type\":\"image\",\"parent_id\":null,\"generate_type\":null,\"category_id\":\"ce04edd1-1dfd-4bb8-b05b-5718a32460ed\",\"category_name\":\"yellow\",\"created_at\":1589984794729,\"original_file_name\":\"BY41.jpg\",\"uploaded_at\":1589984794729,\"upload_type\":\"file_upload\"}, {\"_id\":\"d2384635-4df0-4003-92ab-c98c2ad62018\",\"file_type\":\"image\",\"parent_id\":null,\"generate_type\":null,\"category_id\":\"ce04edd1-1dfd-4bb8-b05b-5718a32460ed\",\"category_name\":\"yellow\",\"created_at\":1589984794517,\"original_file_name\":\"BY22.jpg\",\"uploaded_at\":1589984794517,\"upload_type\":\"file_upload\"}, {\"_id\":\"76bd5270-554f-4f6c-8226-4e8eb40a4a44\",\"file_type\":\"image\",\"parent_id\":null,\"generate_type\":null,\"category_id\":\"143f6a06-f11c-4ec0-8683-b2691f5715b1\",\"category_name\":\"ripe\",\"created_at\":1589984715111,\"original_file_name\":\"RP55.jpg\",\"uploaded_at\":1589984715111,\"upload_type\":\"file_upload\"}, {\"_id\":\"a68a0ad1-1374-4d08-b3eb-60b84c487288\",\"file_type\":\"image\",\"parent_id\":null,\"generate_type\":null,\"category_id\":\"a9502206-f495-4864-83c7-69eb1cdd4916\",\"category_name\":\"overripe\",\"created_at\":1589984684344,\"original_file_name\":\"OR9.jpg\",\"uploaded_at\":1589984684344,\"upload_type\":\"file_upload\"}, {\"_id\":\"9ccbb746-8185-4b36-b755-d574e9d1ec22\",\"file_type\":\"image\",\"parent_id\":null,\"generate_type\":null,\"category_id\":\"ce04edd1-1dfd-4bb8-b05b-5718a32460ed\",\"category_name\":\"yellow\",\"created_at\":1589984794756,\"original_file_name\":\"BY43.jpg\",\"uploaded_at\":1589984794756,\"upload_type\":\"file_upload\"}, {\"_id\":\"b23d840c-77f4-4ac9-a3ea-926e99473f13\",\"file_type\":\"image\",\"parent_id\":null,\"generate_type\":null,\"category_id\":\"db842306-97d2-42b4-b48c-0f943a261b59\",\"category_name\":\"green\",\"created_at\":1589984649391,\"original_file_name\":\"G9.jpg\",\"uploaded_at\":1589984649391,\"upload_type\":\"file_upload\"}, {\"_id\":\"529e1422-2355-45ab-851d-19fa2a552983\",\"file_type\":\"image\",\"parent_id\":null,\"generate_type\":null,\"category_id\":\"db842306-97d2-42b4-b48c-0f943a261b59\",\"category_name\":\"green\",\"created_at\":1589984649560,\"original_file_name\":\"G26.jpg\",\"uploaded_at\":1589984649560,\"upload_type\":\"file_upload\"}, {\"_id\":\"6451c527-2644-4d6b-879f-5b61b7ecd5d0\",\"file_type\":\"image\",\"parent_id\":null,\"generate_type\":null,\"category_id\":\"794937a6-9ec2-4ae0-81c6-a5906e0df23b\",\"category_name\":\"black\",\"created_at\":1589984616317,\"original_file_name\":\"BL13.jpg\",\"uploaded_at\":1589984616317,\"upload_type\":\"file_upload\"}, {\"_id\":\"bbc38b36-1545-4a0d-a040-c8f1ad307d9b\",\"file_type\":\"image\",\"parent_id\":null,\"generate_type\":null,\"category_id\":\"143f6a06-f11c-4ec0-8683-b2691f5715b1\",\"category_name\":\"ripe\",\"created_at\":1589984715438,\"original_file_name\":\"RP97.jpg\",\"uploaded_at\":1589984715438,\"upload_type\":\"file_upload\"}, {\"_id\":\"aca8609a-020d-416d-9057-001b47aac57a\",\"file_type\":\"image\",\"parent_id\":null,\"generate_type\":null,\"category_id\":\"143f6a06-f11c-4ec0-8683-b2691f5715b1\",\"category_name\":\"ripe\",\"created_at\":1589984714087,\"original_file_name\":\"RP1.jpg\",\"uploaded_at\":1589984714087,\"upload_type\":\"file_upload\"}, {\"_id\":\"2a2a5745-9a8b-4baa-b101-77143b4b5eef\",\"file_type\":\"image\",\"parent_id\":null,\"generate_type\":null,\"category_id\":\"db842306-97d2-42b4-b48c-0f943a261b59\",\"category_name\":\"green\",\"created_at\":1589984649588,\"original_file_name\":\"G27.jpg\",\"uploaded_at\":1589984649588,\"upload_type\":\"file_upload\"}, {\"_id\":\"a459f1b7-8ada-4a77-8fe4-1618e0589b04\",\"file_type\":\"image\",\"parent_id\":null,\"generate_type\":null,\"category_id\":\"143f6a06-f11c-4ec0-8683-b2691f5715b1\",\"category_name\":\"ripe\",\"created_at\":1589984715629,\"original_file_name\":\"RP111.jpg\",\"uploaded_at\":1589984715629,\"upload_type\":\"file_upload\"}, {\"_id\":\"ae7ffdcd-47a5-41ea-9a69-f0e925ba68c8\",\"file_type\":\"image\",\"parent_id\":null,\"generate_type\":null,\"category_id\":\"143f6a06-f11c-4ec0-8683-b2691f5715b1\",\"category_name\":\"ripe\",\"created_at\":1589984714787,\"original_file_name\":\"RP29.jpg\",\"uploaded_at\":1589984714787,\"upload_type\":\"file_upload\"}, {\"_id\":\"6229cfde-23ac-4fbe-ba38-9115f93211ff\",\"file_type\":\"image\",\"parent_id\":null,\"generate_type\":null,\"category_id\":\"143f6a06-f11c-4ec0-8683-b2691f5715b1\",\"category_name\":\"ripe\",\"created_at\":1589984715138,\"original_file_name\":\"RP59.jpg\",\"uploaded_at\":1589984715138,\"upload_type\":\"file_upload\"}, {\"_id\":\"fc32ac31-a8f3-4b24-ab99-c4e2f6e66b23\",\"file_type\":\"image\",\"parent_id\":null,\"generate_type\":null,\"category_id\":\"db842306-97d2-42b4-b48c-0f943a261b59\",\"category_name\":\"green\",\"created_at\":1589984649838,\"original_file_name\":\"G45.jpg\",\"uploaded_at\":1589984649838,\"upload_type\":\"file_upload\"}, {\"_id\":\"d99d752c-d128-4c88-b796-0c5148d51728\",\"file_type\":\"image\",\"parent_id\":null,\"generate_type\":null,\"category_id\":\"a9502206-f495-4864-83c7-69eb1cdd4916\",\"category_name\":\"overripe\",\"created_at\":1589984684371,\"original_file_name\":\"OR11.jpg\",\"uploaded_at\":1589984684371,\"upload_type\":\"file_upload\"}, {\"_id\":\"ad89cfa0-b513-45a8-b347-59355fda6005\",\"file_type\":\"image\",\"parent_id\":null,\"generate_type\":null,\"category_id\":\"db842306-97d2-42b4-b48c-0f943a261b59\",\"category_name\":\"green\",\"created_at\":1589984649615,\"original_file_name\":\"G29.jpg\",\"uploaded_at\":1589984649615,\"upload_type\":\"file_upload\"}, {\"_id\":\"24e199a7-c8f4-4dbd-8b36-18fb2ba7ffe5\",\"file_type\":\"image\",\"parent_id\":null,\"generate_type\":null,\"category_id\":\"143f6a06-f11c-4ec0-8683-b2691f5715b1\",\"category_name\":\"ripe\",\"created_at\":1589984714815,\"original_file_name\":\"RP31.jpg\",\"uploaded_at\":1589984714815,\"upload_type\":\"file_upload\"}, {\"_id\":\"a7e4f754-7c88-4568-8e06-422f6272969b\",\"file_type\":\"image\",\"parent_id\":null,\"generate_type\":null,\"category_id\":\"db842306-97d2-42b4-b48c-0f943a261b59\",\"category_name\":\"green\",\"created_at\":1589984649865,\"original_file_name\":\"G46.jpg\",\"uploaded_at\":1589984649865,\"upload_type\":\"file_upload\"}, {\"_id\":\"701a402d-2fef-4a73-ba05-7b9458e25019\",\"file_type\":\"image\",\"parent_id\":null,\"generate_type\":null,\"category_id\":\"143f6a06-f11c-4ec0-8683-b2691f5715b1\",\"category_name\":\"ripe\",\"created_at\":1589984715656,\"original_file_name\":\"RP113.jpg\",\"uploaded_at\":1589984715656,\"upload_type\":\"file_upload\"}, {\"_id\":\"ba28ae7b-5367-412e-b854-0b34a020e954\",\"file_type\":\"image\",\"parent_id\":null,\"generate_type\":null,\"category_id\":\"143f6a06-f11c-4ec0-8683-b2691f5715b1\",\"category_name\":\"ripe\",\"created_at\":1589984714842,\"original_file_name\":\"RP34.jpg\",\"uploaded_at\":1589984714842,\"upload_type\":\"file_upload\"}, {\"_id\":\"98607fa3-4383-4f70-a124-0a2f27ab73ff\",\"file_type\":\"image\",\"parent_id\":null,\"generate_type\":null,\"category_id\":\"db842306-97d2-42b4-b48c-0f943a261b59\",\"category_name\":\"green\",\"created_at\":1589984649894,\"original_file_name\":\"G50.jpg\",\"uploaded_at\":1589984649894,\"upload_type\":\"file_upload\"}, {\"_id\":\"f63d1b5c-fedd-47b6-9270-cbfba49720e0\",\"file_type\":\"image\",\"parent_id\":null,\"generate_type\":null,\"category_id\":\"db842306-97d2-42b4-b48c-0f943a261b59\",\"category_name\":\"green\",\"created_at\":1589984649421,\"original_file_name\":\"G10.jpg\",\"uploaded_at\":1589984649421,\"upload_type\":\"file_upload\"}, {\"_id\":\"5b064e20-30bf-4db8-b41c-0033a494ac89\",\"file_type\":\"image\",\"parent_id\":null,\"generate_type\":null,\"category_id\":\"143f6a06-f11c-4ec0-8683-b2691f5715b1\",\"category_name\":\"ripe\",\"created_at\":1589984715466,\"original_file_name\":\"RP98.jpg\",\"uploaded_at\":1589984715466,\"upload_type\":\"file_upload\"}, {\"_id\":\"dcc755b3-e521-4c6b-a55c-9fede04fd4b6\",\"file_type\":\"image\",\"parent_id\":null,\"generate_type\":null,\"category_id\":\"db842306-97d2-42b4-b48c-0f943a261b59\",\"category_name\":\"green\",\"created_at\":1589984649642,\"original_file_name\":\"G32.jpg\",\"uploaded_at\":1589984649642,\"upload_type\":\"file_upload\"}, {\"_id\":\"5210c565-96bf-4fa1-a2cf-c6ebf165dd75\",\"file_type\":\"image\",\"parent_id\":null,\"generate_type\":null,\"category_id\":\"794937a6-9ec2-4ae0-81c6-a5906e0df23b\",\"category_name\":\"black\",\"created_at\":1589984616348,\"original_file_name\":\"BL15.jpg\",\"uploaded_at\":1589984616348,\"upload_type\":\"file_upload\"}, {\"_id\":\"cc53a2b7-22f7-4da4-a8eb-ff2de1ecbbd0\",\"file_type\":\"image\",\"parent_id\":null,\"generate_type\":null,\"category_id\":\"143f6a06-f11c-4ec0-8683-b2691f5715b1\",\"category_name\":\"ripe\",\"created_at\":1589984715683,\"original_file_name\":\"RP114.jpg\",\"uploaded_at\":1589984715683,\"upload_type\":\"file_upload\"}, {\"_id\":\"b3227854-ff74-447a-99ce-bcafec6e08ee\",\"file_type\":\"image\",\"parent_id\":null,\"generate_type\":null,\"category_id\":\"143f6a06-f11c-4ec0-8683-b2691f5715b1\",\"category_name\":\"ripe\",\"created_at\":1589984715165,\"original_file_name\":\"RP60.jpg\",\"uploaded_at\":1589984715165,\"upload_type\":\"file_upload\"}, {\"_id\":\"0a36eefa-7748-4362-9c03-c5ebd873e648\",\"file_type\":\"image\",\"parent_id\":null,\"generate_type\":null,\"category_id\":\"db842306-97d2-42b4-b48c-0f943a261b59\",\"category_name\":\"green\",\"created_at\":1589984649921,\"original_file_name\":\"G51.jpg\",\"uploaded_at\":1589984649921,\"upload_type\":\"file_upload\"}, {\"_id\":\"61ea9a3e-2b52-458a-8e89-5e0c74c10b95\",\"file_type\":\"image\",\"parent_id\":null,\"generate_type\":null,\"category_id\":\"143f6a06-f11c-4ec0-8683-b2691f5715b1\",\"category_name\":\"ripe\",\"created_at\":1589984714869,\"original_file_name\":\"RP36.jpg\",\"uploaded_at\":1589984714869,\"upload_type\":\"file_upload\"}, {\"_id\":\"45cdb999-7d64-4f00-8818-9744423eef99\",\"file_type\":\"image\",\"parent_id\":null,\"generate_type\":null,\"category_id\":\"a9502206-f495-4864-83c7-69eb1cdd4916\",\"category_name\":\"overripe\",\"created_at\":1589984684397,\"original_file_name\":\"OR13.jpg\",\"uploaded_at\":1589984684397,\"upload_type\":\"file_upload\"}, {\"_id\":\"ac146c9e-8658-43e8-a624-a94d19896d7f\",\"file_type\":\"image\",\"parent_id\":null,\"generate_type\":null,\"category_id\":\"db842306-97d2-42b4-b48c-0f943a261b59\",\"category_name\":\"green\",\"created_at\":1589984649671,\"original_file_name\":\"G33.jpg\",\"uploaded_at\":1589984649671,\"upload_type\":\"file_upload\"}, {\"_id\":\"c898903d-a1a9-4637-8f8f-3c32d06cb4ad\",\"file_type\":\"image\",\"parent_id\":null,\"generate_type\":null,\"category_id\":\"143f6a06-f11c-4ec0-8683-b2691f5715b1\",\"category_name\":\"ripe\",\"created_at\":1589984715710,\"original_file_name\":\"RP115.jpg\",\"uploaded_at\":1589984715710,\"upload_type\":\"file_upload\"}, {\"_id\":\"ccd7783a-a2e4-49b4-8985-90f82fbe03c3\",\"file_type\":\"image\",\"parent_id\":null,\"generate_type\":null,\"category_id\":\"db842306-97d2-42b4-b48c-0f943a261b59\",\"category_name\":\"green\",\"created_at\":1589984649949,\"original_file_name\":\"G53.jpg\",\"uploaded_at\":1589984649949,\"upload_type\":\"file_upload\"}, {\"_id\":\"f2f84b0d-1ba1-449b-8e37-aabbb4f9ac0c\",\"file_type\":\"image\",\"parent_id\":null,\"generate_type\":null,\"category_id\":\"143f6a06-f11c-4ec0-8683-b2691f5715b1\",\"category_name\":\"ripe\",\"created_at\":1589984714896,\"original_file_name\":\"RP37.jpg\",\"uploaded_at\":1589984714896,\"upload_type\":\"file_upload\"}, {\"_id\":\"017948c4-8c01-45cf-a770-a3c75a3f6bb5\",\"file_type\":\"image\",\"parent_id\":null,\"generate_type\":null,\"category_id\":\"db842306-97d2-42b4-b48c-0f943a261b59\",\"category_name\":\"green\",\"created_at\":1589984649976,\"original_file_name\":\"G54.jpg\",\"uploaded_at\":1589984649976,\"upload_type\":\"file_upload\"}, {\"_id\":\"3f562bc9-6144-4c26-a2e4-0d93f202f0ed\",\"file_type\":\"image\",\"parent_id\":null,\"generate_type\":null,\"category_id\":\"db842306-97d2-42b4-b48c-0f943a261b59\",\"category_name\":\"green\",\"created_at\":1589984649698,\"original_file_name\":\"G34.jpg\",\"uploaded_at\":1589984649698,\"upload_type\":\"file_upload\"}, {\"_id\":\"f456efa9-4703-4e39-ab19-f3cea9cf2d15\",\"file_type\":\"image\",\"parent_id\":null,\"generate_type\":null,\"category_id\":\"143f6a06-f11c-4ec0-8683-b2691f5715b1\",\"category_name\":\"ripe\",\"created_at\":1589984715736,\"original_file_name\":\"RP116.jpg\",\"uploaded_at\":1589984715736,\"upload_type\":\"file_upload\"}, {\"_id\":\"ec1f6a1d-a711-4cdc-a07a-d9aa46806ed2\",\"file_type\":\"image\",\"parent_id\":null,\"generate_type\":null,\"category_id\":\"143f6a06-f11c-4ec0-8683-b2691f5715b1\",\"category_name\":\"ripe\",\"created_at\":1589984714923,\"original_file_name\":\"RP38.jpg\",\"uploaded_at\":1589984714923,\"upload_type\":\"file_upload\"}, {\"_id\":\"21867579-1a13-46c9-91c5-5b90242ed521\",\"file_type\":\"image\",\"parent_id\":null,\"generate_type\":null,\"category_id\":\"143f6a06-f11c-4ec0-8683-b2691f5715b1\",\"category_name\":\"ripe\",\"created_at\":1589984714704,\"original_file_name\":\"RP22.jpg\",\"uploaded_at\":1589984714704,\"upload_type\":\"file_upload\"}, {\"_id\":\"a0df58c7-15a8-471d-95e4-9675ce0d23af\",\"file_type\":\"image\",\"parent_id\":null,\"generate_type\":null,\"category_id\":\"143f6a06-f11c-4ec0-8683-b2691f5715b1\",\"category_name\":\"ripe\",\"created_at\":1589984715192,\"original_file_name\":\"RP67.jpg\",\"uploaded_at\":1589984715192,\"upload_type\":\"file_upload\"}, {\"_id\":\"5830daac-9f03-451b-97b9-69e426ed01ec\",\"file_type\":\"image\",\"parent_id\":null,\"generate_type\":null,\"category_id\":\"db842306-97d2-42b4-b48c-0f943a261b59\",\"category_name\":\"green\",\"created_at\":1589984649450,\"original_file_name\":\"G11.jpg\",\"uploaded_at\":1589984649450,\"upload_type\":\"file_upload\"}, {\"_id\":\"276179b3-c1df-4779-a694-35170372a90a\",\"file_type\":\"image\",\"parent_id\":null,\"generate_type\":null,\"category_id\":\"794937a6-9ec2-4ae0-81c6-a5906e0df23b\",\"category_name\":\"black\",\"created_at\":1589984616379,\"original_file_name\":\"BL17.jpg\",\"uploaded_at\":1589984616379,\"upload_type\":\"file_upload\"}, {\"_id\":\"9f2791a1-f8d4-4346-bd42-6c415588285f\",\"file_type\":\"image\",\"parent_id\":null,\"generate_type\":null,\"category_id\":\"143f6a06-f11c-4ec0-8683-b2691f5715b1\",\"category_name\":\"ripe\",\"created_at\":1589984715493,\"original_file_name\":\"RP100.jpg\",\"uploaded_at\":1589984715493,\"upload_type\":\"file_upload\"}, {\"_id\":\"a366d8c0-a03b-4ed8-a768-e48f0d7d6ae2\",\"file_type\":\"image\",\"parent_id\":null,\"generate_type\":null,\"category_id\":\"a9502206-f495-4864-83c7-69eb1cdd4916\",\"category_name\":\"overripe\",\"created_at\":1589984684424,\"original_file_name\":\"OR14.jpg\",\"uploaded_at\":1589984684424,\"upload_type\":\"file_upload\"}, {\"_id\":\"6630eb82-253f-45a2-8940-4ee09f1135ee\",\"file_type\":\"image\",\"parent_id\":null,\"generate_type\":null,\"category_id\":\"db842306-97d2-42b4-b48c-0f943a261b59\",\"category_name\":\"green\",\"created_at\":1589984650004,\"original_file_name\":\"G56.jpg\",\"uploaded_at\":1589984650004,\"upload_type\":\"file_upload\"}, {\"_id\":\"6fd11ea7-70df-4964-aced-55de3fcef930\",\"file_type\":\"image\",\"parent_id\":null,\"generate_type\":null,\"category_id\":\"db842306-97d2-42b4-b48c-0f943a261b59\",\"category_name\":\"green\",\"created_at\":1589984649724,\"original_file_name\":\"G37.jpg\",\"uploaded_at\":1589984649724,\"upload_type\":\"file_upload\"}, {\"_id\":\"cfb830ed-2dc2-4610-963a-f2076209361a\",\"file_type\":\"image\",\"parent_id\":null,\"generate_type\":null,\"category_id\":\"143f6a06-f11c-4ec0-8683-b2691f5715b1\",\"category_name\":\"ripe\",\"created_at\":1589984715763,\"original_file_name\":\"RP120.jpg\",\"uploaded_at\":1589984715763,\"upload_type\":\"file_upload\"}, {\"_id\":\"22293fd2-71a3-41bc-af76-ee2b17567c41\",\"file_type\":\"image\",\"parent_id\":null,\"generate_type\":null,\"category_id\":\"db842306-97d2-42b4-b48c-0f943a261b59\",\"category_name\":\"green\",\"created_at\":1589984650032,\"original_file_name\":\"G59.jpg\",\"uploaded_at\":1589984650032,\"upload_type\":\"file_upload\"}, {\"_id\":\"b8cae979-8adc-4536-8cef-66b8b39a1e66\",\"file_type\":\"image\",\"parent_id\":null,\"generate_type\":null,\"category_id\":\"143f6a06-f11c-4ec0-8683-b2691f5715b1\",\"category_name\":\"ripe\",\"created_at\":1589984714950,\"original_file_name\":\"RP42.jpg\",\"uploaded_at\":1589984714950,\"upload_type\":\"file_upload\"}, {\"_id\":\"1c1b999d-6f13-4713-b7e5-481cffcb8a2f\",\"file_type\":\"image\",\"parent_id\":null,\"generate_type\":null,\"category_id\":\"db842306-97d2-42b4-b48c-0f943a261b59\",\"category_name\":\"green\",\"created_at\":1589984649478,\"original_file_name\":\"G19.jpg\",\"uploaded_at\":1589984649478,\"upload_type\":\"file_upload\"}, {\"_id\":\"2908dbe7-869e-4535-bab4-d9f7482246c5\",\"file_type\":\"image\",\"parent_id\":null,\"generate_type\":null,\"category_id\":\"143f6a06-f11c-4ec0-8683-b2691f5715b1\",\"category_name\":\"ripe\",\"created_at\":1589984714732,\"original_file_name\":\"RP23.jpg\",\"uploaded_at\":1589984714732,\"upload_type\":\"file_upload\"}, {\"_id\":\"2c00f88d-6250-43f1-85e9-ab91cb38a92b\",\"file_type\":\"image\",\"parent_id\":null,\"generate_type\":null,\"category_id\":\"143f6a06-f11c-4ec0-8683-b2691f5715b1\",\"category_name\":\"ripe\",\"created_at\":1589984715219,\"original_file_name\":\"RP73.jpg\",\"uploaded_at\":1589984715219,\"upload_type\":\"file_upload\"}, {\"_id\":\"5b428263-6938-4b51-9793-d427f77d1b25\",\"file_type\":\"image\",\"parent_id\":null,\"generate_type\":null,\"category_id\":\"794937a6-9ec2-4ae0-81c6-a5906e0df23b\",\"category_name\":\"black\",\"created_at\":1589984616409,\"original_file_name\":\"BL18.jpg\",\"uploaded_at\":1589984616409,\"upload_type\":\"file_upload\"}, {\"_id\":\"fd7e46b1-ad39-4da0-9ffe-5e2022b4f553\",\"file_type\":\"image\",\"parent_id\":null,\"generate_type\":null,\"category_id\":\"a9502206-f495-4864-83c7-69eb1cdd4916\",\"category_name\":\"overripe\",\"created_at\":1589984684451,\"original_file_name\":\"OR15.jpg\",\"uploaded_at\":1589984684451,\"upload_type\":\"file_upload\"}, {\"_id\":\"f54e9c50-eea7-44f1-8567-568d73f976a5\",\"file_type\":\"image\",\"parent_id\":null,\"generate_type\":null,\"category_id\":\"143f6a06-f11c-4ec0-8683-b2691f5715b1\",\"category_name\":\"ripe\",\"created_at\":1589984715520,\"original_file_name\":\"RP102.jpg\",\"uploaded_at\":1589984715520,\"upload_type\":\"file_upload\"}, {\"_id\":\"e05418a0-2120-4e74-82ff-7316bb1aa3ef\",\"file_type\":\"image\",\"parent_id\":null,\"generate_type\":null,\"category_id\":\"db842306-97d2-42b4-b48c-0f943a261b59\",\"category_name\":\"green\",\"created_at\":1589984649752,\"original_file_name\":\"G38.jpg\",\"uploaded_at\":1589984649752,\"upload_type\":\"file_upload\"}, {\"_id\":\"588b766e-5484-4b19-a397-ce9264acd987\",\"file_type\":\"image\",\"parent_id\":null,\"generate_type\":null,\"category_id\":\"db842306-97d2-42b4-b48c-0f943a261b59\",\"category_name\":\"green\",\"created_at\":1589984649506,\"original_file_name\":\"G23.jpg\",\"uploaded_at\":1589984649506,\"upload_type\":\"file_upload\"}, {\"_id\":\"fafa901c-25b7-406e-a9c7-14d3b754b102\",\"file_type\":\"image\",\"parent_id\":null,\"generate_type\":null,\"category_id\":\"143f6a06-f11c-4ec0-8683-b2691f5715b1\",\"category_name\":\"ripe\",\"created_at\":1589984715789,\"original_file_name\":\"RP121.jpg\",\"uploaded_at\":1589984715789,\"upload_type\":\"file_upload\"}, {\"_id\":\"9d14e99f-60d4-4b5f-8d52-467ce6f021ab\",\"file_type\":\"image\",\"parent_id\":null,\"generate_type\":null,\"category_id\":\"794937a6-9ec2-4ae0-81c6-a5906e0df23b\",\"category_name\":\"black\",\"created_at\":1589984616057,\"original_file_name\":\"BL2.jpg\",\"uploaded_at\":1589984616057,\"upload_type\":\"file_upload\"}, {\"_id\":\"74a32706-7f5d-4f44-9401-10662c4e3ced\",\"file_type\":\"image\",\"parent_id\":null,\"generate_type\":null,\"category_id\":\"143f6a06-f11c-4ec0-8683-b2691f5715b1\",\"category_name\":\"ripe\",\"created_at\":1589984714977,\"original_file_name\":\"RP43.jpg\",\"uploaded_at\":1589984714977,\"upload_type\":\"file_upload\"}, {\"_id\":\"51b2fdc6-88ba-4c6d-90ba-489b331b91ed\",\"file_type\":\"image\",\"parent_id\":null,\"generate_type\":null,\"category_id\":\"143f6a06-f11c-4ec0-8683-b2691f5715b1\",\"category_name\":\"ripe\",\"created_at\":1589984715247,\"original_file_name\":\"RP75.jpg\",\"uploaded_at\":1589984715247,\"upload_type\":\"file_upload\"}, {\"_id\":\"c7b45a97-ddf4-43d4-91c3-2a5fbcf38e96\",\"file_type\":\"image\",\"parent_id\":null,\"generate_type\":null,\"category_id\":\"143f6a06-f11c-4ec0-8683-b2691f5715b1\",\"category_name\":\"ripe\",\"created_at\":1589984715547,\"original_file_name\":\"RP103.jpg\",\"uploaded_at\":1589984715547,\"upload_type\":\"file_upload\"}, {\"_id\":\"8c7c25eb-b4d4-45e3-a091-6e87b33127d7\",\"file_type\":\"image\",\"parent_id\":null,\"generate_type\":null,\"category_id\":\"a9502206-f495-4864-83c7-69eb1cdd4916\",\"category_name\":\"overripe\",\"created_at\":1589984684478,\"original_file_name\":\"OR18.jpg\",\"uploaded_at\":1589984684478,\"upload_type\":\"file_upload\"}, {\"_id\":\"e5b5b747-0603-4671-8509-f0fd4fa96b94\",\"file_type\":\"image\",\"parent_id\":null,\"generate_type\":null,\"category_id\":\"143f6a06-f11c-4ec0-8683-b2691f5715b1\",\"category_name\":\"ripe\",\"created_at\":1589984714759,\"original_file_name\":\"RP27.jpg\",\"uploaded_at\":1589984714759,\"upload_type\":\"file_upload\"}, {\"_id\":\"73fa3c61-8546-44b3-8b1b-9da43377a6f7\",\"file_type\":\"image\",\"parent_id\":null,\"generate_type\":null,\"category_id\":\"db842306-97d2-42b4-b48c-0f943a261b59\",\"category_name\":\"green\",\"created_at\":1589984649780,\"original_file_name\":\"G39.jpg\",\"uploaded_at\":1589984649780,\"upload_type\":\"file_upload\"}, {\"_id\":\"dd79a87a-d3de-4f47-b51f-b73da0bb95be\",\"file_type\":\"image\",\"parent_id\":null,\"generate_type\":null,\"category_id\":\"143f6a06-f11c-4ec0-8683-b2691f5715b1\",\"category_name\":\"ripe\",\"created_at\":1589984715004,\"original_file_name\":\"RP45.jpg\",\"uploaded_at\":1589984715004,\"upload_type\":\"file_upload\"}, {\"_id\":\"5027b01f-3a1a-43f3-a3e4-ea264b57e3b9\",\"file_type\":\"image\",\"parent_id\":null,\"generate_type\":null,\"category_id\":\"143f6a06-f11c-4ec0-8683-b2691f5715b1\",\"category_name\":\"ripe\",\"created_at\":1589984715274,\"original_file_name\":\"RP77.jpg\",\"uploaded_at\":1589984715274,\"upload_type\":\"file_upload\"}, {\"_id\":\"c488f5af-8362-49e1-909a-2827e16074d2\",\"file_type\":\"image\",\"parent_id\":null,\"generate_type\":null,\"category_id\":\"143f6a06-f11c-4ec0-8683-b2691f5715b1\",\"category_name\":\"ripe\",\"created_at\":1589984715815,\"original_file_name\":\"RP122.jpg\",\"uploaded_at\":1589984715815,\"upload_type\":\"file_upload\"}, {\"_id\":\"d56bab27-fb17-4296-9697-466439134322\",\"file_type\":\"image\",\"parent_id\":null,\"generate_type\":null,\"category_id\":\"794937a6-9ec2-4ae0-81c6-a5906e0df23b\",\"category_name\":\"black\",\"created_at\":1589984616438,\"original_file_name\":\"BL20.jpg\",\"uploaded_at\":1589984616438,\"upload_type\":\"file_upload\"}, {\"_id\":\"a3a69e58-2afa-4e64-ad62-16f1d209b4fb\",\"file_type\":\"image\",\"parent_id\":null,\"generate_type\":null,\"category_id\":\"794937a6-9ec2-4ae0-81c6-a5906e0df23b\",\"category_name\":\"black\",\"created_at\":1589984616097,\"original_file_name\":\"BL3.jpg\",\"uploaded_at\":1589984616097,\"upload_type\":\"file_upload\"}, {\"_id\":\"e11979b2-d1b9-48f8-81ab-32a1710e923c\",\"file_type\":\"image\",\"parent_id\":null,\"generate_type\":null,\"category_id\":\"db842306-97d2-42b4-b48c-0f943a261b59\",\"category_name\":\"green\",\"created_at\":1589984649533,\"original_file_name\":\"G24.jpg\",\"uploaded_at\":1589984649533,\"upload_type\":\"file_upload\"}, {\"_id\":\"137afd8e-d7fa-4d70-b1f8-5c4cb3f4e4b3\",\"file_type\":\"image\",\"parent_id\":null,\"generate_type\":null,\"category_id\":\"db842306-97d2-42b4-b48c-0f943a261b59\",\"category_name\":\"green\",\"created_at\":1589984649810,\"original_file_name\":\"G41.jpg\",\"uploaded_at\":1589984649810,\"upload_type\":\"file_upload\"}, {\"_id\":\"2159c80c-ca89-44a3-a9e7-f0ecfb02c94f\",\"file_type\":\"image\",\"parent_id\":null,\"generate_type\":null,\"category_id\":\"143f6a06-f11c-4ec0-8683-b2691f5715b1\",\"category_name\":\"ripe\",\"created_at\":1589984715031,\"original_file_name\":\"RP47.jpg\",\"uploaded_at\":1589984715031,\"upload_type\":\"file_upload\"}, {\"_id\":\"be35b43d-6c54-4efe-97bb-54317f3f75f6\",\"file_type\":\"image\",\"parent_id\":null,\"generate_type\":null,\"category_id\":\"143f6a06-f11c-4ec0-8683-b2691f5715b1\",\"category_name\":\"ripe\",\"created_at\":1589984715574,\"original_file_name\":\"RP106.jpg\",\"uploaded_at\":1589984715574,\"upload_type\":\"file_upload\"}, {\"_id\":\"812bc319-69cb-4d59-8423-5fed50a3b4d4\",\"file_type\":\"image\",\"parent_id\":null,\"generate_type\":null,\"category_id\":\"143f6a06-f11c-4ec0-8683-b2691f5715b1\",\"category_name\":\"ripe\",\"created_at\":1589984715301,\"original_file_name\":\"RP79.jpg\",\"uploaded_at\":1589984715301,\"upload_type\":\"file_upload\"}, {\"_id\":\"68f4f3f5-5c05-435f-831b-9a2b14b58e77\",\"file_type\":\"image\",\"parent_id\":null,\"generate_type\":null,\"category_id\":\"143f6a06-f11c-4ec0-8683-b2691f5715b1\",\"category_name\":\"ripe\",\"created_at\":1589984715846,\"original_file_name\":\"RP123.jpg\",\"uploaded_at\":1589984715846,\"upload_type\":\"file_upload\"}, {\"_id\":\"cbf0d798-8230-4ebf-a6f4-99b7faa1a843\",\"file_type\":\"image\",\"parent_id\":null,\"generate_type\":null,\"category_id\":\"a9502206-f495-4864-83c7-69eb1cdd4916\",\"category_name\":\"overripe\",\"created_at\":1589984684504,\"original_file_name\":\"OR19.jpg\",\"uploaded_at\":1589984684504,\"upload_type\":\"file_upload\"}]"}