,index,country_or_region,province_or_state,state_and_country,date,daily_new_cases,running_total_cases,running_total_cases_prev_day,daily_new_deaths,running_total_deaths,running_total_deaths_prev_day,data_source,lat,long,first_case_state_rank,first_case_country_rank,hundred_case_state_rank,hundred_case_country_rank,country_code_2,country_code_3,country_population_2018,country_median_age,country_running_agg,days_since_outbreak,daily_cases_pctchange,daily_cases_pctchange_roll7day
6505,13457,Italy,Not Provided,Not Provided-Italy,2020-02-22,42.0,62,20.0,1.0,2,1.0,JHU,43.0,12.0,2.0,2.0,,,IT,ITA,60431283.0,45.5,62,1.0,-0.7572254335260116,-0.7572254335260116
6506,13458,Italy,Not Provided,Not Provided-Italy,2020-02-23,93.0,155,62.0,1.0,3,2.0,JHU,43.0,12.0,3.0,3.0,1.0,1.0,IT,ITA,60431283.0,45.5,155,2.0,1.2142857142857144,0.22853014037985142
6507,13459,Italy,Not Provided,Not Provided-Italy,2020-02-24,74.0,229,155.0,4.0,7,3.0,JHU,43.0,12.0,4.0,4.0,2.0,2.0,IT,ITA,60431283.0,45.5,229,3.0,-0.20430107526881724,0.08425306849696186
6508,13460,Italy,Not Provided,Not Provided-Italy,2020-02-25,93.0,322,229.0,3.0,10,7.0,JHU,43.0,12.0,5.0,5.0,3.0,3.0,IT,ITA,60431283.0,45.5,322,4.0,0.2567567567567568,0.1273789905619106
6509,13461,Italy,Not Provided,Not Provided-Italy,2020-02-26,131.0,453,322.0,2.0,12,10.0,JHU,43.0,12.0,6.0,6.0,4.0,4.0,IT,ITA,60431283.0,45.5,453,5.0,0.4086021505376345,0.1836236225570554
6510,13462,Italy,Not Provided,Not Provided-Italy,2020-02-27,202.0,655,453.0,5.0,17,12.0,JHU,43.0,12.0,7.0,7.0,5.0,5.0,IT,ITA,60431283.0,45.5,655,6.0,0.5419847328244274,0.24335047426828404
6511,13463,Italy,Not Provided,Not Provided-Italy,2020-02-28,233.0,888,655.0,4.0,21,17.0,JHU,43.0,12.0,8.0,8.0,6.0,6.0,IT,ITA,60431283.0,45.5,888,7.0,0.15346534653465338,0.23050974173490824
6512,13464,Italy,Not Provided,Not Provided-Italy,2020-02-29,240.0,1128,888.0,8.0,29,21.0,JHU,43.0,12.0,9.0,9.0,7.0,7.0,IT,ITA,60431283.0,45.5,1128,8.0,0.030042918454935563,0.3429766491607578
6513,13465,Italy,Not Provided,Not Provided-Italy,2020-03-01,566.0,1694,1128.0,5.0,34,29.0,JHU,43.0,12.0,10.0,10.0,8.0,8.0,IT,ITA,60431283.0,45.5,1694,9.0,1.3583333333333334,0.36355488045327483
6514,13466,Italy,Not Provided,Not Provided-Italy,2020-03-02,342.0,2036,1694.0,18.0,52,34.0,JHU,43.0,12.0,11.0,11.0,9.0,9.0,IT,ITA,60431283.0,45.5,2036,10.0,-0.39575971731448767,0.33620364587532187
6515,13467,Italy,Not Provided,Not Provided-Italy,2020-03-03,466.0,2502,2036.0,27.0,79,52.0,JHU,43.0,12.0,12.0,12.0,10.0,10.0,IT,ITA,60431283.0,45.5,2502,11.0,0.36257309941520477,0.35132026625510016
6516,13468,Italy,Not Provided,Not Provided-Italy,2020-03-04,587.0,3089,2502.0,28.0,107,79.0,JHU,43.0,12.0,13.0,13.0,11.0,11.0,IT,ITA,60431283.0,45.5,3089,12.0,0.25965665236051505,0.3300423379440831
6517,13469,Italy,Not Provided,Not Provided-Italy,2020-03-05,769.0,3858,3089.0,41.0,148,107.0,JHU,43.0,12.0,14.0,14.0,12.0,12.0,IT,ITA,60431283.0,45.5,3858,13.0,0.3100511073253833,0.29690896287279106
6518,13470,Italy,Not Provided,Not Provided-Italy,2020-03-06,778.0,4636,3858.0,49.0,197,148.0,JHU,43.0,12.0,15.0,15.0,13.0,13.0,IT,ITA,60431283.0,45.5,4636,14.0,0.011703511053315907,0.27665727208974283
6519,13471,Italy,Not Provided,Not Provided-Italy,2020-03-07,1247.0,5883,4636.0,36.0,233,197.0,JHU,43.0,12.0,16.0,16.0,14.0,14.0,IT,ITA,60431283.0,45.5,5883,15.0,0.6028277634961439,0.3584836785242012
6520,13472,Italy,Not Provided,Not Provided-Italy,2020-03-08,1492.0,7375,5883.0,133.0,366,233.0,JHU,43.0,12.0,17.0,17.0,15.0,15.0,IT,ITA,60431283.0,45.5,7375,16.0,0.19647153167602238,0.1925034211445853
6521,13473,Italy,Not Provided,Not Provided-Italy,2020-03-09,1797.0,9172,7375.0,97.0,463,366.0,JHU,43.0,12.0,18.0,18.0,16.0,16.0,IT,ITA,60431283.0,45.5,9172,17.0,0.20442359249329756,0.2782438939742689
6522,13474,Italy,Not Provided,Not Provided-Italy,2020-03-10,977.0,10149,9172.0,168.0,631,463.0,JHU,43.0,12.0,19.0,19.0,17.0,17.0,IT,ITA,60431283.0,45.5,10149,18.0,-0.45631608235948806,0.16125972514931278
6523,13475,Italy,Not Provided,Not Provided-Italy,2020-03-11,2313.0,12462,10149.0,196.0,827,631.0,JHU,43.0,12.0,20.0,20.0,18.0,18.0,IT,ITA,60431283.0,45.5,12462,19.0,1.367451381780962,0.31951611506651945
6524,13476,Italy,Not Provided,Not Provided-Italy,2020-03-12,0.0,12462,12462.0,0.0,827,827.0,JHU,43.0,12.0,21.0,21.0,19.0,19.0,IT,ITA,60431283.0,45.5,12462,20.0,-1.0,0.13236595687717895
6525,13477,Italy,Not Provided,Not Provided-Italy,2020-03-13,5198.0,17660,12462.0,439.0,1266,827.0,JHU,43.0,12.0,22.0,22.0,20.0,20.0,IT,ITA,60431283.0,45.5,17660,21.0,inf,0.15247636451448945
6526,13478,Italy,Not Provided,Not Provided-Italy,2020-03-14,3497.0,21157,17660.0,175.0,1441,1266.0,JHU,43.0,12.0,23.0,23.0,21.0,21.0,IT,ITA,60431283.0,45.5,21157,22.0,-0.32724124663332055,-0.0025351371737546056
6527,13479,Italy,Not Provided,Not Provided-Italy,2020-03-15,3590.0,24747,21157.0,368.0,1809,1441.0,JHU,43.0,12.0,24.0,24.0,22.0,22.0,IT,ITA,60431283.0,45.5,24747,23.0,0.026594223620245883,-0.030848021849717355
6528,13480,Italy,Not Provided,Not Provided-Italy,2020-03-16,3233.0,27980,24747.0,349.0,2158,1809.0,JHU,43.0,12.0,25.0,25.0,23.0,23.0,IT,ITA,60431283.0,45.5,27980,24.0,-0.09944289693593311,-0.08149243675458913
6529,13481,Italy,Not Provided,Not Provided-Italy,2020-03-17,3526.0,31506,27980.0,345.0,2503,2158.0,JHU,43.0,12.0,26.0,26.0,24.0,24.0,IT,ITA,60431283.0,45.5,31506,25.0,0.09062789978348285,0.009664893602572685
6530,13482,Italy,Not Provided,Not Provided-Italy,2020-03-18,4207.0,35713,31506.0,475.0,2978,2503.0,JHU,43.0,12.0,27.0,27.0,25.0,25.0,IT,ITA,60431283.0,45.5,35713,26.0,0.19313669880884854,-0.18605422022611287
6531,13483,Italy,Not Provided,Not Provided-Italy,2020-03-19,5322.0,41035,35713.0,427.0,3405,2978.0,JHU,43.0,12.0,28.0,28.0,26.0,26.0,IT,ITA,60431283.0,45.5,41035,27.0,0.26503446636558126,0.024784857501483997
6532,13484,Italy,Not Provided,Not Provided-Italy,2020-03-20,5986.0,47021,41035.0,627.0,4032,3405.0,JHU,43.0,12.0,29.0,29.0,27.0,27.0,IT,ITA,60431283.0,45.5,47021,28.0,0.12476512589252153,0.03906775298591793
6533,13485,Italy,Not Provided,Not Provided-Italy,2020-03-21,6557.0,53578,47021.0,793.0,4825,4032.0,JHU,43.0,12.0,30.0,30.0,28.0,28.0,IT,ITA,60431283.0,45.5,53578,29.0,0.09538924156364859,0.09944353701405638
6534,13486,Italy,Not Provided,Not Provided-Italy,2020-03-22,5560.0,59138,53578.0,651.0,5476,4825.0,JHU,43.0,12.0,31.0,31.0,29.0,29.0,IT,ITA,60431283.0,45.5,59138,30.0,-0.15205124294646943,0.0739227560759542
6535,13487,Italy,Not Provided,Not Provided-Italy,2020-03-23,4789.0,63927,59138.0,601.0,6077,5476.0,JHU,43.0,12.0,32.0,32.0,30.0,30.0,IT,ITA,60431283.0,45.5,63927,31.0,-0.1386690647482014,0.06831901781705872
6536,13488,Italy,Not Provided,Not Provided-Italy,2020-03-24,5249.0,69176,63927.0,743.0,6820,6077.0,JHU,43.0,12.0,33.0,33.0,31.0,31.0,IT,ITA,60431283.0,45.5,69176,32.0,0.09605345583629155,0.06909409725317425
6537,13489,Italy,Not Provided,Not Provided-Italy,2020-03-25,5210.0,74386,69176.0,683.0,7503,6820.0,JHU,43.0,12.0,34.0,34.0,32.0,32.0,IT,ITA,60431283.0,45.5,74386,33.0,-0.007429986664126531,0.04044171361417781
6538,13490,Italy,Not Provided,Not Provided-Italy,2020-03-26,6203.0,80589,74386.0,712.0,8215,7503.0,JHU,43.0,12.0,35.0,35.0,33.0,33.0,IT,ITA,60431283.0,45.5,80589,34.0,0.19059500959692888,0.029807505504370328
6539,13491,Italy,Not Provided,Not Provided-Italy,2020-03-27,5909.0,86498,80589.0,919.0,9134,8215.0,JHU,43.0,12.0,36.0,36.0,34.0,34.0,IT,ITA,60431283.0,45.5,86498,35.0,-0.04739642108657105,0.005212998793071387
6540,13492,Italy,Not Provided,Not Provided-Italy,2020-03-28,5974.0,92472,86498.0,889.0,10023,9134.0,JHU,43.0,12.0,37.0,37.0,35.0,35.0,IT,ITA,60431283.0,45.5,92472,36.0,0.01100016923337277,-0.006842582968396587
6541,13493,Italy,Not Provided,Not Provided-Italy,2020-03-29,5217.0,97689,92472.0,756.0,10779,10023.0,JHU,43.0,12.0,38.0,38.0,36.0,36.0,IT,ITA,60431283.0,45.5,97689,37.0,-0.12671576832942755,-0.0032232294516763176
6542,13494,Italy,Not Provided,Not Provided-Italy,2020-03-30,4050.0,101739,97689.0,812.0,11591,10779.0,JHU,43.0,12.0,39.0,39.0,37.0,37.0,IT,ITA,60431283.0,45.5,101739,38.0,-0.22369177688326625,-0.01536933118525701
6543,13495,Italy,Not Provided,Not Provided-Italy,2020-03-31,4053.0,105792,101739.0,837.0,12428,11591.0,JHU,43.0,12.0,40.0,40.0,38.0,38.0,IT,ITA,60431283.0,45.5,105792,39.0,0.0007407407407407085,-0.02898543334176427
6544,13496,Italy,Not Provided,Not Provided-Italy,2020-04-01,4782.0,110574,105792.0,727.0,13155,12428.0,JHU,43.0,12.0,41.0,41.0,39.0,39.0,IT,ITA,60431283.0,45.5,110574,40.0,0.17986676535899337,-0.0022287544813185717
6545,13497,Italy,Not Provided,Not Provided-Italy,2020-04-02,4668.0,115242,110574.0,760.0,13915,13155.0,JHU,43.0,12.0,42.0,42.0,40.0,40.0,IT,ITA,60431283.0,45.5,115242,41.0,-0.023839397741530766,-0.03286224124395566
6546,13498,Italy,Not Provided,Not Provided-Italy,2020-04-03,4585.0,119827,115242.0,766.0,14681,13915.0,JHU,43.0,12.0,43.0,43.0,41.0,41.0,IT,ITA,60431283.0,45.5,119827,42.0,-0.01778063410454156,-0.028631414532237165
6547,13499,Italy,Not Provided,Not Provided-Italy,2020-04-04,4805.0,124632,119827.0,681.0,15362,14681.0,JHU,43.0,12.0,44.0,44.0,42.0,42.0,IT,ITA,60431283.0,45.5,124632,43.0,0.04798255179934574,-0.023348217022812454
6548,13500,Italy,Not Provided,Not Provided-Italy,2020-04-05,4316.0,128948,124632.0,525.0,15887,15362.0,JHU,43.0,12.0,45.0,45.0,43.0,43.0,IT,ITA,60431283.0,45.5,128948,44.0,-0.10176899063475542,-0.019784391637859295
6549,13501,Italy,Not Provided,Not Provided-Italy,2020-04-06,3599.0,132547,128948.0,636.0,16523,15887.0,JHU,43.0,12.0,46.0,46.0,44.0,44.0,IT,ITA,60431283.0,45.5,132547,45.0,-0.16612604263206676,-0.011560715316259367
6550,13502,Italy,Not Provided,Not Provided-Italy,2020-04-07,3039.0,135586,132547.0,604.0,17127,16523.0,JHU,43.0,12.0,47.0,47.0,45.0,45.0,IT,ITA,60431283.0,45.5,135586,46.0,-0.1555987774381773,-0.03389493219896194
6551,13503,Italy,Not Provided,Not Provided-Italy,2020-04-08,3836.0,139422,135586.0,542.0,17669,17127.0,JHU,43.0,12.0,48.0,48.0,46.0,46.0,IT,ITA,60431283.0,45.5,139422,47.0,0.2622573214873314,-0.022124852752056508
6552,13504,Italy,Not Provided,Not Provided-Italy,2020-04-09,4204.0,143626,139422.0,610.0,18279,17669.0,JHU,43.0,12.0,49.0,49.0,47.0,47.0,IT,ITA,60431283.0,45.5,143626,48.0,0.0959332638164756,-0.005014472529484171
6553,13505,Italy,Not Provided,Not Provided-Italy,2020-04-10,3951.0,147577,143626.0,570.0,18849,18279.0,JHU,43.0,12.0,50.0,50.0,48.0,48.0,IT,ITA,60431283.0,45.5,147577,49.0,-0.06018078020932449,-0.011071636258738875
6554,13506,Italy,Not Provided,Not Provided-Italy,2020-04-11,4694.0,152271,147577.0,619.0,19468,18849.0,JHU,43.0,12.0,51.0,51.0,49.0,49.0,IT,ITA,60431283.0,45.5,152271,50.0,0.1880536573019489,0.008938521670204433
6555,13507,Italy,Not Provided,Not Provided-Italy,2020-04-12,4092.0,156363,152271.0,431.0,19899,19468.0,JHU,43.0,12.0,52.0,52.0,50.0,50.0,IT,ITA,60431283.0,45.5,156363,51.0,-0.1282488282914359,0.005155687719250076
6556,13508,Italy,Not Provided,Not Provided-Italy,2020-04-13,3153.0,159516,156363.0,566.0,20465,19899.0,JHU,43.0,12.0,53.0,53.0,51.0,51.0,IT,ITA,60431283.0,45.5,159516,52.0,-0.22947214076246336,-0.003893754870806581
6557,13509,Italy,Not Provided,Not Provided-Italy,2020-04-14,2972.0,162488,159516.0,602.0,21067,20465.0,JHU,43.0,12.0,54.0,54.0,52.0,52.0,IT,ITA,60431283.0,45.5,162488,53.0,-0.05740564541706317,0.010133835417924009
6558,13510,Italy,Not Provided,Not Provided-Italy,2020-04-15,2667.0,165155,162488.0,578.0,21645,21067.0,JHU,43.0,12.0,55.0,55.0,53.0,53.0,IT,ITA,60431283.0,45.5,165155,54.0,-0.10262449528936746,-0.041992138407318684
6559,13511,Italy,Not Provided,Not Provided-Italy,2020-04-16,3786.0,168941,165155.0,525.0,22170,21645.0,JHU,43.0,12.0,56.0,56.0,54.0,54.0,IT,ITA,60431283.0,45.5,168941,55.0,0.4195725534308212,0.004242045823302121
6560,13512,Italy,Not Provided,Not Provided-Italy,2020-04-17,3493.0,172434,168941.0,575.0,22745,22170.0,JHU,43.0,12.0,57.0,57.0,55.0,55.0,IT,ITA,60431283.0,45.5,172434,56.0,-0.0773903856312731,0.0017835307630237488
6561,13513,Italy,Not Provided,Not Provided-Italy,2020-04-18,3491.0,175925,172434.0,482.0,23227,22745.0,JHU,43.0,12.0,58.0,58.0,56.0,56.0,IT,ITA,60431283.0,45.5,175925,57.0,-0.0005725737188663205,-0.02516307366852128
6562,13514,Italy,Not Provided,Not Provided-Italy,2020-04-19,3047.0,178972,175925.0,433.0,23660,23227.0,JHU,43.0,12.0,59.0,59.0,57.0,57.0,IT,ITA,60431283.0,45.5,178972,58.0,-0.1271841879117731,-0.02501098218571231
6563,13515,Italy,Not Provided,Not Provided-Italy,2020-04-20,2256.0,181228,178972.0,454.0,24114,23660.0,JHU,43.0,12.0,60.0,60.0,58.0,58.0,IT,ITA,60431283.0,45.5,181228,59.0,-0.2595996061700033,-0.029314905815360875
6564,13516,Italy,Not Provided,Not Provided-Italy,2020-04-21,2729.0,183957,181228.0,534.0,24648,24114.0,JHU,43.0,12.0,61.0,61.0,59.0,59.0,IT,ITA,60431283.0,45.5,183957,60.0,0.2096631205673758,0.008837775039558975
6565,13517,Italy,Not Provided,Not Provided-Italy,2020-04-22,3370.0,187327,183957.0,437.0,25085,24648.0,JHU,43.0,12.0,62.0,62.0,60.0,60.0,IT,ITA,60431283.0,45.5,187327,61.0,0.23488457310370103,0.05705335623856876
6566,13518,Italy,Not Provided,Not Provided-Italy,2020-04-23,2646.0,189973,187327.0,464.0,25549,25085.0,JHU,43.0,12.0,63.0,63.0,61.0,61.0,IT,ITA,60431283.0,45.5,189973,62.0,-0.21483679525222554,-0.03357655071615221
6567,13519,Italy,Not Provided,Not Provided-Italy,2020-04-24,3021.0,192994,189973.0,420.0,25969,25549.0,JHU,43.0,12.0,64.0,64.0,62.0,62.0,IT,ITA,60431283.0,45.5,192994,63.0,0.14172335600907027,-0.0022745876246745844
6568,13520,Italy,Not Provided,Not Provided-Italy,2020-04-25,2357.0,195351,192994.0,415.0,26384,25969.0,JHU,43.0,12.0,65.0,65.0,63.0,63.0,IT,ITA,60431283.0,45.5,195351,64.0,-0.21979476994372726,-0.03359204422822615
6569,13521,Italy,Not Provided,Not Provided-Italy,2020-04-26,2324.0,197675,195351.0,260.0,26644,26384.0,JHU,43.0,12.0,66.0,66.0,64.0,64.0,IT,ITA,60431283.0,45.5,197675,65.0,-0.014000848536274924,-0.01742299574601212
6570,13522,Italy,Not Provided,Not Provided-Italy,2020-04-27,1739.0,199414,197675.0,333.0,26977,26644.0,JHU,43.0,12.0,67.0,67.0,65.0,65.0,IT,ITA,60431283.0,45.5,199414,66.0,-0.25172117039586916,-0.016297504921135814
6571,13523,Italy,Not Provided,Not Provided-Italy,2020-04-28,2091.0,201505,199414.0,382.0,27359,26977.0,JHU,43.0,12.0,68.0,68.0,66.0,66.0,IT,ITA,60431283.0,45.5,201505,67.0,0.20241518113858548,-0.01733292483953443
8905,19735,Spain,Not Provided,Not Provided-Spain,2020-02-28,17.0,32,15.0,0.0,0,0.0,JHU,40.0,-4.0,4.0,4.0,,,ES,ESP,46723749.0,42.7,32,1.0,-0.916256157635468,-0.1817816006594157
8906,19736,Spain,Not Provided,Not Provided-Spain,2020-02-29,13.0,45,32.0,0.0,0,0.0,JHU,40.0,-4.0,5.0,5.0,,,ES,ESP,46723749.0,42.7,45,2.0,-0.23529411764705888,-0.18470407528724905
8907,19737,Spain,Not Provided,Not Provided-Spain,2020-03-01,39.0,84,45.0,0.0,0,0.0,JHU,40.0,-4.0,6.0,6.0,,,ES,ESP,46723749.0,42.7,84,3.0,2.0,0.0807640167114552
8908,19738,Spain,Not Provided,Not Provided-Spain,2020-03-02,36.0,120,84.0,0.0,0,0.0,JHU,40.0,-4.0,7.0,7.0,1.0,1.0,ES,ESP,46723749.0,42.7,120,4.0,-0.07692307692307687,0.10117425857154812
8909,19739,Spain,Not Provided,Not Provided-Spain,2020-03-03,45.0,165,120.0,1.0,1,0.0,JHU,40.0,-4.0,8.0,8.0,2.0,2.0,ES,ESP,46723749.0,42.7,165,5.0,0.25,0.13888866550530168
8910,19740,Spain,Not Provided,Not Provided-Spain,2020-03-04,57.0,222,165.0,1.0,2,1.0,JHU,40.0,-4.0,9.0,9.0,3.0,3.0,ES,ESP,46723749.0,42.7,222,6.0,0.2666666666666666,0.21294407079994965
8911,19741,Spain,Not Provided,Not Provided-Spain,2020-03-05,37.0,259,222.0,1.0,3,2.0,JHU,40.0,-4.0,10.0,10.0,4.0,4.0,ES,ESP,46723749.0,42.7,259,7.0,-0.3508771929824561,0.13390230306837228
8912,19742,Spain,Not Provided,Not Provided-Spain,2020-03-06,141.0,400,259.0,2.0,5,3.0,JHU,40.0,-4.0,11.0,11.0,5.0,5.0,ES,ESP,46723749.0,42.7,400,8.0,2.810810810810811,0.6663404414178407
8913,19743,Spain,Not Provided,Not Provided-Spain,2020-03-07,100.0,500,400.0,5.0,10,5.0,JHU,40.0,-4.0,12.0,12.0,6.0,6.0,ES,ESP,46723749.0,42.7,500,9.0,-0.2907801418439716,0.6584138665325673
8914,19744,Spain,Not Provided,Not Provided-Spain,2020-03-08,173.0,673,500.0,7.0,17,10.0,JHU,40.0,-4.0,13.0,13.0,7.0,7.0,ES,ESP,46723749.0,42.7,673,10.0,0.73,0.47698529510399595
8915,19745,Spain,Not Provided,Not Provided-Spain,2020-03-09,400.0,1073,673.0,11.0,28,17.0,JHU,40.0,-4.0,14.0,14.0,8.0,8.0,ES,ESP,46723749.0,42.7,1073,11.0,1.3121387283236996,0.6754226958535353
8916,19746,Spain,Not Provided,Not Provided-Spain,2020-03-10,622.0,1695,1073.0,7.0,35,28.0,JHU,40.0,-4.0,15.0,15.0,9.0,9.0,ES,ESP,46723749.0,42.7,1695,12.0,0.5549999999999999,0.7189941244249639
8917,19747,Spain,Not Provided,Not Provided-Spain,2020-03-11,582.0,2277,1695.0,19.0,54,35.0,JHU,40.0,-4.0,16.0,16.0,10.0,10.0,ES,ESP,46723749.0,42.7,2277,13.0,-0.06430868167202575,0.6717119318051507
8918,19748,Spain,Not Provided,Not Provided-Spain,2020-03-12,0.0,2277,2277.0,1.0,55,54.0,JHU,40.0,-4.0,17.0,17.0,11.0,11.0,ES,ESP,46723749.0,42.7,2277,14.0,-1.0,0.5789801022312159
8919,19749,Spain,Not Provided,Not Provided-Spain,2020-03-13,2955.0,5232,2277.0,78.0,133,55.0,JHU,40.0,-4.0,18.0,18.0,12.0,12.0,ES,ESP,46723749.0,42.7,5232,15.0,inf,0.20700831746795
8920,19750,Spain,Not Provided,Not Provided-Spain,2020-03-14,1159.0,6391,5232.0,62.0,195,133.0,JHU,40.0,-4.0,19.0,19.0,13.0,13.0,ES,ESP,46723749.0,42.7,6391,16.0,-0.6077834179357022,0.15417443811932824
8921,19751,Spain,Not Provided,Not Provided-Spain,2020-03-15,1407.0,7798,6391.0,94.0,289,195.0,JHU,40.0,-4.0,20.0,20.0,14.0,14.0,ES,ESP,46723749.0,42.7,7798,17.0,0.21397756686798974,0.06817069926399322
8922,19752,Spain,Not Provided,Not Provided-Spain,2020-03-16,2144.0,9942,7798.0,53.0,342,289.0,JHU,40.0,-4.0,21.0,21.0,15.0,15.0,ES,ESP,46723749.0,42.7,9942,18.0,0.5238095238095237,-0.06321750148836942
8923,19753,Spain,Not Provided,Not Provided-Spain,2020-03-17,1806.0,11748,9942.0,191.0,533,342.0,JHU,40.0,-4.0,22.0,22.0,16.0,16.0,ES,ESP,46723749.0,42.7,11748,19.0,-0.1576492537313433,-0.18199237711025998
8924,19754,Spain,Not Provided,Not Provided-Spain,2020-03-18,2162.0,13910,11748.0,90.0,623,533.0,JHU,40.0,-4.0,23.0,23.0,17.0,17.0,ES,ESP,46723749.0,42.7,13910,20.0,0.19712070874861576,-0.13842081204015308
8925,19755,Spain,Not Provided,Not Provided-Spain,2020-03-19,4053.0,17963,13910.0,207.0,830,623.0,JHU,40.0,-4.0,24.0,24.0,18.0,18.0,ES,ESP,46723749.0,42.7,17963,21.0,0.8746530989824237,0.1740213711235842
8926,19756,Spain,Not Provided,Not Provided-Spain,2020-03-20,2447.0,20410,17963.0,213.0,1043,830.0,JHU,40.0,-4.0,25.0,25.0,19.0,19.0,ES,ESP,46723749.0,42.7,20410,22.0,-0.39624969158647916,0.09255407645071802
8927,19757,Spain,Not Provided,Not Provided-Spain,2020-03-21,4964.0,25374,20410.0,332.0,1375,1043.0,JHU,40.0,-4.0,26.0,26.0,20.0,20.0,ES,ESP,46723749.0,42.7,25374,23.0,1.0286064568859827,0.3263240585681016
8928,19758,Spain,Not Provided,Not Provided-Spain,2020-03-22,3394.0,28768,25374.0,397.0,1772,1375.0,JHU,40.0,-4.0,27.0,27.0,21.0,21.0,ES,ESP,46723749.0,42.7,28768,24.0,-0.3162771958098308,0.2505733781855558
8929,19759,Spain,Not Provided,Not Provided-Spain,2020-03-23,6368.0,35136,28768.0,539.0,2311,1772.0,JHU,40.0,-4.0,28.0,28.0,22.0,22.0,ES,ESP,46723749.0,42.7,35136,25.0,0.8762522097819683,0.30092233332447643
8930,19760,Spain,Not Provided,Not Provided-Spain,2020-03-24,4749.0,39885,35136.0,497.0,2808,2311.0,JHU,40.0,-4.0,29.0,29.0,23.0,23.0,ES,ESP,46723749.0,42.7,39885,26.0,-0.25423994974874375,0.2871236624648478
8931,19761,Spain,Not Provided,Not Provided-Spain,2020-03-25,9630.0,49515,39885.0,839.0,3647,2808.0,JHU,40.0,-4.0,30.0,30.0,24.0,24.0,ES,ESP,46723749.0,42.7,49515,27.0,1.027795325331649,0.40579146483385253
8932,19762,Spain,Not Provided,Not Provided-Spain,2020-03-26,8271.0,57786,49515.0,718.0,4365,3647.0,JHU,40.0,-4.0,31.0,31.0,25.0,25.0,ES,ESP,46723749.0,42.7,57786,28.0,-0.14112149532710283,0.26068080850392017
8933,19763,Spain,Not Provided,Not Provided-Spain,2020-03-27,7933.0,65719,57786.0,773.0,5138,4365.0,JHU,40.0,-4.0,32.0,32.0,26.0,26.0,ES,ESP,46723749.0,42.7,65719,29.0,-0.04086567525087659,0.31144995369472056
8934,19764,Spain,Not Provided,Not Provided-Spain,2020-03-28,7516.0,73235,65719.0,844.0,5982,5138.0,JHU,40.0,-4.0,33.0,33.0,27.0,27.0,ES,ESP,46723749.0,42.7,73235,30.0,-0.05256523383335432,0.15699685502052954
8935,19765,Spain,Not Provided,Not Provided-Spain,2020-03-29,6875.0,80110,73235.0,821.0,6803,5982.0,JHU,40.0,-4.0,34.0,34.0,28.0,28.0,ES,ESP,46723749.0,42.7,80110,31.0,-0.08528472591804148,0.18999577929078518
8936,19766,Spain,Not Provided,Not Provided-Spain,2020-03-30,7846.0,87956,80110.0,913.0,7716,6803.0,JHU,40.0,-4.0,35.0,35.0,29.0,29.0,ES,ESP,46723749.0,42.7,87956,32.0,0.1412363636363636,0.0849935155556988
8937,19767,Spain,Not Provided,Not Provided-Spain,2020-03-31,7967.0,95923,87956.0,748.0,8464,7716.0,JHU,40.0,-4.0,36.0,36.0,30.0,30.0,ES,ESP,46723749.0,42.7,95923,33.0,0.015421871017078814,0.12351663280795917
8938,19768,Spain,Not Provided,Not Provided-Spain,2020-04-01,8195.0,104118,95923.0,923.0,9387,8464.0,JHU,40.0,-4.0,37.0,37.0,31.0,31.0,ES,ESP,46723749.0,42.7,104118,34.0,0.028618049453997818,-0.019222978031705282
8939,19769,Spain,Not Provided,Not Provided-Spain,2020-04-02,7947.0,112065,104118.0,961.0,10348,9387.0,JHU,40.0,-4.0,38.0,38.0,32.0,32.0,ES,ESP,46723749.0,42.7,112065,35.0,-0.03026235509456987,-0.0033859579984862886
8940,19770,Spain,Not Provided,Not Provided-Spain,2020-04-03,7134.0,119199,112065.0,850.0,11198,10348.0,JHU,40.0,-4.0,39.0,39.0,33.0,33.0,ES,ESP,46723749.0,42.7,119199,36.0,-0.10230275575688941,-0.01216268378505955
8941,19771,Spain,Not Provided,Not Provided-Spain,2020-04-04,6969.0,126168,119199.0,749.0,11947,11198.0,JHU,40.0,-4.0,40.0,40.0,34.0,34.0,ES,ESP,46723749.0,42.7,126168,37.0,-0.02312867956265774,-0.007957461746388608
8942,19772,Spain,Not Provided,Not Provided-Spain,2020-04-05,5478.0,131646,126168.0,694.0,12641,11947.0,JHU,40.0,-4.0,41.0,41.0,35.0,35.0,ES,ESP,46723749.0,42.7,131646,38.0,-0.21394748170469224,-0.026337855430195862
8943,19773,Spain,Not Provided,Not Provided-Spain,2020-04-06,5029.0,136675,131646.0,700.0,13341,12641.0,JHU,40.0,-4.0,42.0,42.0,36.0,36.0,ES,ESP,46723749.0,42.7,136675,39.0,-0.08196422051843744,-0.05822365316659601
8944,19774,Spain,Not Provided,Not Provided-Spain,2020-04-07,5267.0,141942,136675.0,704.0,14045,13341.0,JHU,40.0,-4.0,43.0,43.0,37.0,37.0,ES,ESP,46723749.0,42.7,141942,40.0,0.047325512030224726,-0.05366599016471802
8945,19775,Spain,Not Provided,Not Provided-Spain,2020-04-08,6278.0,148220,141942.0,747.0,14792,14045.0,JHU,40.0,-4.0,44.0,44.0,38.0,38.0,ES,ESP,46723749.0,42.7,148220,41.0,0.19194987659008933,-0.030332872002419235
8946,19776,Spain,Not Provided,Not Provided-Spain,2020-04-09,5002.0,153222,148220.0,655.0,15447,14792.0,JHU,40.0,-4.0,45.0,45.0,39.0,39.0,ES,ESP,46723749.0,42.7,153222,42.0,-0.20324944249761068,-0.05504531305999649
8947,19777,Spain,Not Provided,Not Provided-Spain,2020-04-10,5051.0,158273,153222.0,634.0,16081,15447.0,JHU,40.0,-4.0,46.0,46.0,40.0,40.0,ES,ESP,46723749.0,42.7,158273,43.0,0.009796081567372994,-0.03903119344224472
8948,19778,Spain,Not Provided,Not Provided-Spain,2020-04-11,4754.0,163027,158273.0,525.0,16606,16081.0,JHU,40.0,-4.0,47.0,47.0,41.0,41.0,ES,ESP,46723749.0,42.7,163027,44.0,-0.058800237576717485,-0.04412713030139611
8949,19779,Spain,Not Provided,Not Provided-Spain,2020-04-12,3804.0,166831,163027.0,603.0,17209,16606.0,JHU,40.0,-4.0,48.0,48.0,42.0,42.0,ES,ESP,46723749.0,42.7,166831,45.0,-0.1998317206562894,-0.042110593008767135
8950,19780,Spain,Not Provided,Not Provided-Spain,2020-04-13,3268.0,170099,166831.0,547.0,17756,17209.0,JHU,40.0,-4.0,49.0,49.0,43.0,43.0,ES,ESP,46723749.0,42.7,170099,46.0,-0.14090431125131442,-0.050530605970606705
8951,19781,Spain,Not Provided,Not Provided-Spain,2020-04-14,2442.0,172541,170099.0,300.0,18056,17756.0,JHU,40.0,-4.0,50.0,50.0,44.0,44.0,ES,ESP,46723749.0,42.7,172541,47.0,-0.2527539779681762,-0.09339910454180685
8952,19782,Spain,Not Provided,Not Provided-Spain,2020-04-15,5103.0,177644,172541.0,652.0,18708,18056.0,JHU,40.0,-4.0,51.0,51.0,45.0,45.0,ES,ESP,46723749.0,42.7,177644,48.0,1.0896805896805897,0.034848140185407495
8953,19783,Spain,Not Provided,Not Provided-Spain,2020-04-16,7304.0,184948,177644.0,607.0,19315,18708.0,JHU,40.0,-4.0,52.0,52.0,46.0,46.0,ES,ESP,46723749.0,42.7,184948,49.0,0.4313149127963942,0.1255001909416939
8954,19784,Spain,Not Provided,Not Provided-Spain,2020-04-17,5891.0,190839,184948.0,687.0,20002,19315.0,JHU,40.0,-4.0,53.0,53.0,47.0,47.0,ES,ESP,46723749.0,42.7,190839,50.0,-0.19345564074479737,0.09646423061138386
8955,19785,Spain,Not Provided,Not Provided-Spain,2020-04-18,887.0,191726,190839.0,41.0,20043,20002.0,JHU,40.0,-4.0,54.0,54.0,48.0,48.0,ES,ESP,46723749.0,42.7,191726,51.0,-0.8494313359361738,-0.016483069154252763
8956,19786,Spain,Not Provided,Not Provided-Spain,2020-04-19,6948.0,198674,191726.0,410.0,20453,20043.0,JHU,40.0,-4.0,55.0,55.0,49.0,49.0,ES,ESP,46723749.0,42.7,198674,52.0,6.833145434047351,0.9882279529462673
8957,19787,Spain,Not Provided,Not Provided-Spain,2020-04-20,1536.0,200210,198674.0,399.0,20852,20453.0,JHU,40.0,-4.0,56.0,56.0,50.0,50.0,ES,ESP,46723749.0,42.7,200210,53.0,-0.7789291882556131,0.8970815419456531
8958,19788,Spain,Not Provided,Not Provided-Spain,2020-04-21,3968.0,204178,200210.0,430.0,21282,20852.0,JHU,40.0,-4.0,57.0,57.0,51.0,51.0,ES,ESP,46723749.0,42.7,204178,54.0,1.5833333333333335,1.15937972927444
8959,19789,Spain,Not Provided,Not Provided-Spain,2020-04-22,4211.0,208389,204178.0,435.0,21717,21282.0,JHU,40.0,-4.0,58.0,58.0,52.0,52.0,ES,ESP,46723749.0,42.7,208389,55.0,0.061239919354838745,1.0124596335136185
8960,19790,Spain,Not Provided,Not Provided-Spain,2020-04-23,4635.0,213024,208389.0,440.0,22157,21717.0,JHU,40.0,-4.0,59.0,59.0,53.0,53.0,ES,ESP,46723749.0,42.7,213024,56.0,0.100688672524341,0.9652273134747537
8961,19791,Spain,Not Provided,Not Provided-Spain,2020-04-24,6740.0,219764,213024.0,367.0,22524,22157.0,JHU,40.0,-4.0,60.0,60.0,54.0,54.0,ES,ESP,46723749.0,42.7,219764,57.0,0.4541531823085221,1.0577428596252278
8962,19792,Spain,Not Provided,Not Provided-Spain,2020-04-25,3995.0,223759,219764.0,378.0,22902,22524.0,JHU,40.0,-4.0,61.0,61.0,55.0,55.0,ES,ESP,46723749.0,42.7,223759,58.0,-0.4072700296735905,1.1209087605198829
8963,19793,Spain,Not Provided,Not Provided-Spain,2020-04-26,2870.0,226629,223759.0,288.0,23190,22902.0,JHU,40.0,-4.0,62.0,62.0,56.0,56.0,ES,ESP,46723749.0,42.7,226629,59.0,-0.28160200250312895,0.10451626958409996
8964,19794,Spain,Not Provided,Not Provided-Spain,2020-04-27,2793.0,229422,226629.0,331.0,23521,23190.0,JHU,40.0,-4.0,63.0,63.0,57.0,57.0,ES,ESP,46723749.0,42.7,229422,60.0,-0.02682926829268295,0.21195911529308997
8965,19795,Spain,Not Provided,Not Provided-Spain,2020-04-28,2706.0,232128,229422.0,301.0,23822,23521.0,JHU,40.0,-4.0,64.0,64.0,58.0,58.0,ES,ESP,46723749.0,42.7,232128,61.0,-0.031149301825993514,-0.018681261158242472
9837,22083,US,Not Provided,Not Provided-US,2020-02-24,36.0,51,15.0,0.0,0,0.0,JHU,37.0902,-95.7129,30.0,30.0,,,US,USA,327167434.0,38.1,51,1.0,6.2,0.8582844646482092
9838,22084,US,Not Provided,Not Provided-US,2020-02-25,0.0,51,51.0,0.0,0,0.0,JHU,37.0902,-95.7129,31.0,31.0,,,US,USA,327167434.0,38.1,51,2.0,-1.0,0.7010432257161605
9839,22085,US,Not Provided,Not Provided-US,2020-02-26,6.0,57,51.0,0.0,0,0.0,JHU,37.0902,-95.7129,32.0,32.0,,,US,USA,327167434.0,38.1,57,3.0,inf,0.7421915662841002
9840,22086,US,Not Provided,Not Provided-US,2020-02-27,1.0,58,57.0,0.0,0,0.0,JHU,37.0902,-95.7129,33.0,33.0,,,US,USA,327167434.0,38.1,58,4.0,-0.8333333333333334,0.6711810156741431
9841,22087,US,Not Provided,Not Provided-US,2020-02-28,2.0,60,58.0,0.0,0,0.0,JHU,37.0902,-95.7129,34.0,34.0,,,US,USA,327167434.0,38.1,60,5.0,1.0,0.8847813494246646
9842,22088,US,Not Provided,Not Provided-US,2020-02-29,8.0,68,60.0,1.0,1,0.0,JHU,37.0902,-95.7129,35.0,35.0,,,US,USA,327167434.0,38.1,68,6.0,3.0,1.3892528941401119
9843,22089,US,Not Provided,Not Provided-US,2020-03-01,6.0,74,68.0,0.0,1,1.0,JHU,37.0902,-95.7129,36.0,36.0,,,US,USA,327167434.0,38.1,74,7.0,-0.25,1.3527777777777772
9844,22090,US,Not Provided,Not Provided-US,2020-03-02,24.0,98,74.0,5.0,6,1.0,JHU,37.0902,-95.7129,37.0,37.0,,,US,USA,327167434.0,38.1,98,8.0,3.0,0.8194444444444439
9845,22091,US,Not Provided,Not Provided-US,2020-03-03,20.0,118,98.0,1.0,7,6.0,JHU,37.0902,-95.7129,38.0,38.0,1.0,1.0,US,USA,327167434.0,38.1,118,9.0,-0.16666666666666663,0.9583333333333327
9846,22092,US,Not Provided,Not Provided-US,2020-03-04,31.0,149,118.0,4.0,11,7.0,JHU,37.0902,-95.7129,39.0,39.0,2.0,2.0,US,USA,327167434.0,38.1,149,10.0,0.55,0.8999999999999995
9847,22093,US,Not Provided,Not Provided-US,2020-03-05,68.0,217,149.0,1.0,12,11.0,JHU,37.0902,-95.7129,40.0,40.0,3.0,3.0,US,USA,327167434.0,38.1,217,11.0,1.193548387096774,1.1895545314900147
9848,22094,US,Not Provided,Not Provided-US,2020-03-06,45.0,262,217.0,2.0,14,12.0,JHU,37.0902,-95.7129,41.0,41.0,4.0,4.0,US,USA,327167434.0,38.1,262,12.0,-0.3382352941176471,0.9983780609017795
9849,22095,US,Not Provided,Not Provided-US,2020-03-07,140.0,402,262.0,3.0,17,14.0,JHU,37.0902,-95.7129,42.0,42.0,5.0,5.0,US,USA,327167434.0,38.1,402,13.0,2.111111111111111,0.8713939339176525
9850,22096,US,Not Provided,Not Provided-US,2020-03-08,116.0,518,402.0,4.0,21,17.0,JHU,37.0902,-95.7129,43.0,43.0,6.0,6.0,US,USA,327167434.0,38.1,518,14.0,-0.17142857142857137,0.8826184237135708
9851,22097,US,Not Provided,Not Provided-US,2020-03-09,65.0,583,518.0,1.0,22,21.0,JHU,37.0902,-95.7129,44.0,44.0,7.0,7.0,US,USA,327167434.0,38.1,583,15.0,-0.43965517241379315,0.3912391133687433
9852,22098,US,Not Provided,Not Provided-US,2020-03-10,376.0,959,583.0,6.0,28,22.0,JHU,37.0902,-95.7129,45.0,45.0,8.0,8.0,US,USA,327167434.0,38.1,959,16.0,4.7846153846153845,1.0985651206947507
9853,22099,US,Not Provided,Not Provided-US,2020-03-11,322.0,1281,959.0,8.0,36,28.0,JHU,37.0902,-95.7129,46.0,46.0,9.0,9.0,US,USA,327167434.0,38.1,1281,17.0,-0.1436170212765957,0.9994769747980942
9854,22100,US,Not Provided,Not Provided-US,2020-03-12,382.0,1663,1281.0,5.0,41,36.0,JHU,37.0902,-95.7129,47.0,47.0,10.0,10.0,US,USA,327167434.0,38.1,1663,18.0,0.18633540372670798,0.8555894057452276
9855,22101,US,Not Provided,Not Provided-US,2020-03-13,516.0,2179,1663.0,8.0,49,41.0,JHU,37.0902,-95.7129,48.0,48.0,11.0,11.0,US,USA,327167434.0,38.1,2179,19.0,0.3507853403141361,0.954020924949768
9856,22102,US,Not Provided,Not Provided-US,2020-03-14,548.0,2727,2179.0,9.0,58,49.0,JHU,37.0902,-95.7129,49.0,49.0,12.0,12.0,US,USA,327167434.0,38.1,2727,20.0,0.0620155038759691,0.6612929810590334
9857,22103,US,Not Provided,Not Provided-US,2020-03-15,772.0,3499,2727.0,15.0,73,58.0,JHU,37.0902,-95.7129,50.0,50.0,13.0,13.0,US,USA,327167434.0,38.1,3499,21.0,0.4087591240875912,0.7441769375613425
9858,22104,US,Not Provided,Not Provided-US,2020-03-16,1133.0,4632,3499.0,26.0,99,73.0,JHU,37.0902,-95.7129,51.0,51.0,14.0,14.0,US,USA,327167434.0,38.1,4632,22.0,0.46761658031088094,0.8737871879505816
9859,22105,US,Not Provided,Not Provided-US,2020-03-17,1789.0,6421,4632.0,34.0,133,99.0,JHU,37.0902,-95.7129,52.0,52.0,15.0,15.0,US,USA,327167434.0,38.1,6421,23.0,0.5789938217122683,0.27298410753585084
9860,22106,US,Not Provided,Not Provided-US,2020-03-18,1362.0,7783,6421.0,31.0,164,133.0,JHU,37.0902,-95.7129,53.0,53.0,16.0,16.0,US,USA,327167434.0,38.1,7783,24.0,-0.23868082727780882,0.2594035638213918
9861,22107,US,Not Provided,Not Provided-US,2020-03-19,5964.0,13747,7783.0,94.0,258,164.0,JHU,37.0902,-95.7129,54.0,54.0,17.0,17.0,US,USA,327167434.0,38.1,13747,25.0,3.3788546255506606,0.7154777383676708
9862,22108,US,Not Provided,Not Provided-US,2020-03-20,5526.0,19273,13747.0,91.0,349,258.0,JHU,37.0902,-95.7129,55.0,55.0,18.0,18.0,US,USA,327167434.0,38.1,19273,26.0,-0.07344064386317906,0.65487402634234
9863,22109,US,Not Provided,Not Provided-US,2020-03-21,6327.0,25600,19273.0,93.0,442,349.0,JHU,37.0902,-95.7129,56.0,56.0,19.0,19.0,US,USA,327167434.0,38.1,25600,27.0,0.14495114006514664,0.6667219743693654
9864,22110,US,Not Provided,Not Provided-US,2020-03-22,7676.0,33276,25600.0,144.0,586,442.0,JHU,37.0902,-95.7129,57.0,57.0,20.0,20.0,US,USA,327167434.0,38.1,33276,28.0,0.21321321321321318,0.6387868442444543
9865,22111,US,Not Provided,Not Provided-US,2020-03-23,10567.0,43843,33276.0,200.0,786,586.0,JHU,37.0902,-95.7129,58.0,58.0,21.0,21.0,US,USA,327167434.0,38.1,43843,29.0,0.37662845231891606,0.6257885402456022
9866,22112,US,Not Provided,Not Provided-US,2020-03-24,9893.0,53736,43843.0,222.0,1008,786.0,JHU,37.0902,-95.7129,59.0,59.0,22.0,22.0,US,USA,327167434.0,38.1,53736,30.0,-0.06378347686192865,0.5339632118778598
9867,22113,US,Not Provided,Not Provided-US,2020-03-25,12042.0,65778,53736.0,308.0,1316,1008.0,JHU,37.0902,-95.7129,60.0,60.0,23.0,23.0,US,USA,327167434.0,38.1,65778,31.0,0.21722430001010817,0.5990925157761335
9868,22114,US,Not Provided,Not Provided-US,2020-03-26,18058.0,83836,65778.0,410.0,1726,1316.0,JHU,37.0902,-95.7129,61.0,61.0,24.0,24.0,US,USA,327167434.0,38.1,83836,32.0,0.49958478658030225,0.18776825306608227
9869,22115,US,Not Provided,Not Provided-US,2020-03-27,17821.0,101657,83836.0,539.0,2265,1726.0,JHU,37.0902,-95.7129,62.0,62.0,25.0,25.0,US,USA,327167434.0,38.1,101657,33.0,-0.013124377007420529,0.19638486261690494
9870,22116,US,Not Provided,Not Provided-US,2020-03-28,19808.0,121465,101657.0,466.0,2731,2265.0,JHU,37.0902,-95.7129,63.0,63.0,26.0,26.0,US,USA,327167434.0,38.1,121465,34.0,0.1114976712866842,0.19160579564855315
9871,22117,US,Not Provided,Not Provided-US,2020-03-29,19444.0,140909,121465.0,689.0,3420,2731.0,JHU,37.0902,-95.7129,64.0,64.0,27.0,27.0,US,USA,327167434.0,38.1,140909,35.0,-0.01837641357027464,0.15852156325091205
9872,22118,US,Not Provided,Not Provided-US,2020-03-30,20922.0,161831,140909.0,772.0,4192,3420.0,JHU,37.0902,-95.7129,65.0,65.0,28.0,28.0,US,USA,327167434.0,38.1,161831,36.0,0.07601316601522323,0.1155765223503845
9873,22119,US,Not Provided,Not Provided-US,2020-03-31,26341.0,188172,161831.0,1175.0,5367,4192.0,JHU,37.0902,-95.7129,66.0,66.0,29.0,29.0,US,USA,327167434.0,38.1,188172,37.0,0.25900965490870864,0.16168982688904698
9874,22120,US,Not Provided,Not Provided-US,2020-04-01,25070.0,213242,188172.0,1134.0,6501,5367.0,JHU,37.0902,-95.7129,67.0,67.0,30.0,30.0,US,USA,327167434.0,38.1,213242,38.0,-0.04825177479974185,0.12376467334478271
9875,22121,US,Not Provided,Not Provided-US,2020-04-02,30380.0,243622,213242.0,1420.0,7921,6501.0,JHU,37.0902,-95.7129,68.0,68.0,31.0,31.0,US,USA,327167434.0,38.1,243622,39.0,0.21180694056641403,0.08265355248565583
9876,22122,US,Not Provided,Not Provided-US,2020-04-03,31745.0,275367,243622.0,1325.0,9246,7921.0,JHU,37.0902,-95.7129,69.0,69.0,32.0,32.0,US,USA,327167434.0,38.1,275367,40.0,0.04493087557603692,0.09094715999757831
9877,22123,US,Not Provided,Not Provided-US,2020-04-04,33283.0,308650,275367.0,1609.0,10855,9246.0,JHU,37.0902,-95.7129,70.0,70.0,33.0,33.0,US,USA,327167434.0,38.1,308650,41.0,0.0484485745786738,0.08194014618214826
9878,22124,US,Not Provided,Not Provided-US,2020-04-05,28152.0,336802,308650.0,1520.0,12375,10855.0,JHU,37.0902,-95.7129,71.0,71.0,34.0,34.0,US,USA,327167434.0,38.1,336802,42.0,-0.15416278580656795,0.06254209300553493
9879,22125,US,Not Provided,Not Provided-US,2020-04-06,29515.0,366317,336802.0,1519.0,13894,12375.0,JHU,37.0902,-95.7129,72.0,72.0,35.0,35.0,US,USA,327167434.0,38.1,366317,43.0,0.04841574310883767,0.058599604018908416
9880,22126,US,Not Provided,Not Provided-US,2020-04-07,30804.0,397121,366317.0,2297.0,16191,13894.0,JHU,37.0902,-95.7129,73.0,73.0,36.0,36.0,US,USA,327167434.0,38.1,397121,44.0,0.04367270879213958,0.027837183145112836
9881,22127,US,Not Provided,Not Provided-US,2020-04-08,31533.0,428654,397121.0,2079.0,18270,16191.0,JHU,37.0902,-95.7129,74.0,74.0,37.0,37.0,US,USA,327167434.0,38.1,428654,45.0,0.023665757693805967,0.03811111635847681
9882,22128,US,Not Provided,Not Provided-US,2020-04-09,34126.0,462780,428654.0,1985.0,20255,18270.0,JHU,37.0902,-95.7129,75.0,75.0,38.0,38.0,US,USA,327167434.0,38.1,462780,46.0,0.08223131322741262,0.019600312452905184
9883,22129,US,Not Provided,Not Provided-US,2020-04-10,33755.0,496535,462780.0,2078.0,22333,20255.0,JHU,37.0902,-95.7129,76.0,76.0,39.0,39.0,US,USA,327167434.0,38.1,496535,47.0,-0.010871476293734972,0.011628547900080626
9884,22130,US,Not Provided,Not Provided-US,2020-04-11,29861.0,526396,496535.0,2009.0,24342,22333.0,JHU,37.0902,-95.7129,77.0,77.0,40.0,40.0,US,USA,327167434.0,38.1,526396,48.0,-0.11536068730558435,-0.011772775226241967
9885,22131,US,Not Provided,Not Provided-US,2020-04-12,28917.0,555313,526396.0,1744.0,26086,24342.0,JHU,37.0902,-95.7129,78.0,78.0,41.0,41.0,US,USA,327167434.0,38.1,555313,49.0,-0.03161314088610567,0.005734316905252644
9886,22132,US,Not Provided,Not Provided-US,2020-04-13,25306.0,580619,555313.0,1784.0,27870,26086.0,JHU,37.0902,-95.7129,79.0,79.0,42.0,42.0,US,USA,327167434.0,38.1,580619,50.0,-0.12487464121451053,-0.019021452283797098
9887,22133,US,Not Provided,Not Provided-US,2020-04-14,27051.0,607670,580619.0,2392.0,30262,27870.0,JHU,37.0902,-95.7129,80.0,80.0,43.0,43.0,US,USA,327167434.0,38.1,607670,51.0,0.06895597881925242,-0.015409556565638123
9888,22134,US,Not Provided,Not Provided-US,2020-04-15,28680.0,636350,607670.0,2472.0,32734,30262.0,JHU,37.0902,-95.7129,81.0,81.0,44.0,44.0,US,USA,327167434.0,38.1,636350,52.0,0.06021958522790283,-0.010187581203624285
9889,22135,US,Not Provided,Not Provided-US,2020-04-16,31242.0,667592,636350.0,2093.0,34827,32734.0,JHU,37.0902,-95.7129,82.0,82.0,45.0,45.0,US,USA,327167434.0,38.1,667592,53.0,0.08933054393305428,-0.009173405388532618
9890,22136,US,Not Provided,Not Provided-US,2020-04-17,32114.0,699706,667592.0,2584.0,37411,34827.0,JHU,37.0902,-95.7129,83.0,83.0,46.0,46.0,US,USA,327167434.0,38.1,699706,54.0,0.027911145253184833,-0.003633030881829789
9891,22137,US,Not Provided,Not Provided-US,2020-04-18,32491.0,732197,699706.0,2342.0,39753,37411.0,JHU,37.0902,-95.7129,84.0,84.0,47.0,47.0,US,USA,327167434.0,38.1,732197,55.0,0.01173942828672847,0.014524128488500614
9892,22138,US,Not Provided,Not Provided-US,2020-04-19,26612.0,758809,732197.0,1192.0,40945,39753.0,JHU,37.0902,-95.7129,85.0,85.0,48.0,48.0,US,USA,327167434.0,38.1,758809,56.0,-0.18094241482256623,-0.006808624930993752
9893,22139,US,Not Provided,Not Provided-US,2020-04-20,25517.0,784326,758809.0,1714.0,42659,40945.0,JHU,37.0902,-95.7129,86.0,86.0,49.0,49.0,US,USA,327167434.0,38.1,784326,57.0,-0.04114685104464155,0.0051524879504161025
9894,22140,US,Not Provided,Not Provided-US,2020-04-21,27539.0,811865,784326.0,2427.0,45086,42659.0,JHU,37.0902,-95.7129,87.0,87.0,50.0,50.0,US,USA,327167434.0,38.1,811865,58.0,0.07924129012031189,0.006621818136281742
9895,22141,US,Not Provided,Not Provided-US,2020-04-22,28486.0,840351,811865.0,2326.0,47412,45086.0,JHU,37.0902,-95.7129,88.0,88.0,51.0,51.0,US,USA,327167434.0,38.1,840351,59.0,0.03438759577326711,0.002931533928476639
9896,22142,US,Not Provided,Not Provided-US,2020-04-23,28819.0,869170,840351.0,2312.0,49724,47412.0,JHU,37.0902,-95.7129,89.0,89.0,52.0,52.0,US,USA,327167434.0,38.1,869170,60.0,0.011689952959348382,-0.008159979067767062
9897,22143,US,Not Provided,Not Provided-US,2020-04-24,36188.0,905358,869170.0,1769.0,51493,49724.0,JHU,37.0902,-95.7129,90.0,90.0,53.0,53.0,US,USA,327167434.0,38.1,905358,61.0,0.25569936500225543,0.024381195182100166
9898,22144,US,Not Provided,Not Provided-US,2020-04-25,32796.0,938154,905358.0,2262.0,53755,51493.0,JHU,37.0902,-95.7129,91.0,91.0,54.0,54.0,US,USA,327167434.0,38.1,938154,62.0,-0.09373272908146346,0.00931374412950132
9899,22145,US,Not Provided,Not Provided-US,2020-04-26,27631.0,965785,938154.0,1126.0,54881,53755.0,JHU,37.0902,-95.7129,92.0,92.0,55.0,55.0,US,USA,327167434.0,38.1,965785,63.0,-0.15748871813635812,0.01266427222753105
9900,22146,US,Not Provided,Not Provided-US,2020-04-27,22412.0,988197,965785.0,1378.0,56259,54881.0,JHU,37.0902,-95.7129,93.0,93.0,56.0,56.0,US,USA,327167434.0,38.1,988197,64.0,-0.1888820527668199,-0.008440756589923002
9901,22147,US,Not Provided,Not Provided-US,2020-04-28,24385.0,1012582,988197.0,2096.0,58355,56259.0,JHU,37.0902,-95.7129,94.0,94.0,57.0,57.0,US,USA,327167434.0,38.1,1012582,65.0,0.08803319650187391,-0.00718476996398557
